-- MySQL dump 10.13  Distrib 5.7.24, for Linux (x86_64)
--
-- Host: localhost    Database: cabc-dashboard
-- ------------------------------------------------------
-- Server version	5.7.24-0ubuntu0.16.04.1

/*!40101 SET @OLD_CHARACTER_SET_CLIENT=@@CHARACTER_SET_CLIENT */;
/*!40101 SET @OLD_CHARACTER_SET_RESULTS=@@CHARACTER_SET_RESULTS */;
/*!40101 SET @OLD_COLLATION_CONNECTION=@@COLLATION_CONNECTION */;
/*!40101 SET NAMES utf8 */;
/*!40103 SET @OLD_TIME_ZONE=@@TIME_ZONE */;
/*!40103 SET TIME_ZONE='+00:00' */;
/*!40014 SET @OLD_UNIQUE_CHECKS=@@UNIQUE_CHECKS, UNIQUE_CHECKS=0 */;
/*!40014 SET @OLD_FOREIGN_KEY_CHECKS=@@FOREIGN_KEY_CHECKS, FOREIGN_KEY_CHECKS=0 */;
/*!40101 SET @OLD_SQL_MODE=@@SQL_MODE, SQL_MODE='NO_AUTO_VALUE_ON_ZERO' */;
/*!40111 SET @OLD_SQL_NOTES=@@SQL_NOTES, SQL_NOTES=0 */;

--
-- Temporary table structure for view `Employee`
--

DROP TABLE IF EXISTS `Employee`;
/*!50001 DROP VIEW IF EXISTS `Employee`*/;
SET @saved_cs_client     = @@character_set_client;
SET character_set_client = utf8;
/*!50001 CREATE VIEW `Employee` AS SELECT 
 1 AS `id`,
 1 AS `email`,
 1 AS `username`,
 1 AS `first_name`,
 1 AS `last_name`,
 1 AS `phone`,
 1 AS `address`,
 1 AS `role_id`,
 1 AS `birthday`,
 1 AS `last_login`,
 1 AS `confirmation_token`,
 1 AS `status`,
 1 AS `created_at`,
 1 AS `updated_at`,
 1 AS `school_id`,
 1 AS `position_id`,
 1 AS `classroom_id`*/;
SET character_set_client = @saved_cs_client;

--
-- Temporary table structure for view `Parent`
--

DROP TABLE IF EXISTS `Parent`;
/*!50001 DROP VIEW IF EXISTS `Parent`*/;
SET @saved_cs_client     = @@character_set_client;
SET character_set_client = utf8;
/*!50001 CREATE VIEW `Parent` AS SELECT 
 1 AS `id`,
 1 AS `email`,
 1 AS `username`,
 1 AS `first_name`,
 1 AS `last_name`,
 1 AS `phone`,
 1 AS `address`,
 1 AS `role_id`,
 1 AS `birthday`,
 1 AS `last_login`,
 1 AS `confirmation_token`,
 1 AS `status`,
 1 AS `created_at`,
 1 AS `updated_at`,
 1 AS `school_id`,
 1 AS `teacher_id`,
 1 AS `classroom_id`*/;
SET character_set_client = @saved_cs_client;

--
-- Table structure for table `action_events`
--

DROP TABLE IF EXISTS `action_events`;
/*!40101 SET @saved_cs_client     = @@character_set_client */;
/*!40101 SET character_set_client = utf8 */;
CREATE TABLE `action_events` (
  `id` bigint(20) unsigned NOT NULL AUTO_INCREMENT,
  `batch_id` char(36) COLLATE utf8mb4_unicode_ci NOT NULL,
  `user_id` int(10) unsigned NOT NULL,
  `name` varchar(191) COLLATE utf8mb4_unicode_ci NOT NULL,
  `actionable_type` varchar(191) COLLATE utf8mb4_unicode_ci NOT NULL,
  `actionable_id` int(10) unsigned NOT NULL,
  `target_type` varchar(191) COLLATE utf8mb4_unicode_ci NOT NULL,
  `target_id` int(10) unsigned NOT NULL,
  `model_type` varchar(191) COLLATE utf8mb4_unicode_ci NOT NULL,
  `model_id` int(10) unsigned DEFAULT NULL,
  `fields` text COLLATE utf8mb4_unicode_ci NOT NULL,
  `status` varchar(25) COLLATE utf8mb4_unicode_ci NOT NULL DEFAULT 'running',
  `exception` text COLLATE utf8mb4_unicode_ci NOT NULL,
  `created_at` timestamp NULL DEFAULT NULL,
  `updated_at` timestamp NULL DEFAULT NULL,
  PRIMARY KEY (`id`),
  KEY `action_events_actionable_type_actionable_id_index` (`actionable_type`,`actionable_id`),
  KEY `action_events_batch_id_model_type_model_id_index` (`batch_id`,`model_type`,`model_id`),
  KEY `action_events_user_id_index` (`user_id`)
) ENGINE=InnoDB AUTO_INCREMENT=35 DEFAULT CHARSET=utf8mb4 COLLATE=utf8mb4_unicode_ci;
/*!40101 SET character_set_client = @saved_cs_client */;

--
-- Dumping data for table `action_events`
--

LOCK TABLES `action_events` WRITE;
/*!40000 ALTER TABLE `action_events` DISABLE KEYS */;
INSERT INTO `action_events` VALUES (1,'8be62b9f-0311-43fb-b484-553068e7dac6',1,'Update','Vanguard\\Schools',2,'Vanguard\\Schools',2,'Vanguard\\Schools',2,'','finished','','2018-09-29 11:41:45','2018-09-29 11:41:45'),(2,'8be63285-4009-4db5-8daa-d6babb82922a',1,'Update','Vanguard\\Schools',2,'Vanguard\\Schools',2,'Vanguard\\Schools',2,'','finished','','2018-09-29 12:01:03','2018-09-29 12:01:03'),(3,'8be63299-d9ee-47e3-abf3-74b7b5baa3d4',1,'Update','Vanguard\\Schools',2,'Vanguard\\Schools',2,'Vanguard\\Schools',2,'','finished','','2018-09-29 12:01:16','2018-09-29 12:01:16'),(4,'8be720d5-80ec-4619-8c08-28caf24da071',1,'Update','Vanguard\\User',2,'Vanguard\\User',2,'Vanguard\\User',2,'','finished','','2018-09-29 23:07:25','2018-09-29 23:07:25'),(5,'8be7d94c-9a32-446c-b0b1-b9422e1f96f0',1,'Update','Vanguard\\User',2,'Vanguard\\User',2,'Vanguard\\User',2,'','finished','','2018-09-30 07:43:13','2018-09-30 07:43:13'),(6,'8be810b7-fbda-4abb-9d51-c4ab25333a3b',1,'Update','Vanguard\\Schools',2,'Vanguard\\Schools',2,'Vanguard\\Schools',2,'','finished','','2018-09-30 06:18:11','2018-09-30 06:18:11'),(7,'8be82230-8ae9-406c-8585-6c4b5a3bfd9d',1,'Update','Vanguard\\Schools',2,'Vanguard\\Schools',2,'Vanguard\\Schools',2,'','finished','','2018-09-30 07:07:02','2018-09-30 07:07:02'),(8,'8be82281-f5c1-4154-8077-29c3a0266963',1,'Delete','Vanguard\\Schools',2,'Vanguard\\Schools',2,'Vanguard\\Schools',2,'','finished','','2018-09-30 07:07:56','2018-09-30 07:07:56'),(9,'8be929ac-947b-420b-97b0-257b72dd3a71',1,'Update','Vanguard\\Schools',3,'Vanguard\\Schools',3,'Vanguard\\Schools',3,'','finished','','2018-09-30 19:23:48','2018-09-30 19:23:48'),(10,'8bf4f122-b850-4906-832b-c7ad8524224d',1,'Delete','Vanguard\\Role',6,'Vanguard\\Role',6,'Vanguard\\Role',6,'','finished','','2018-10-06 15:55:38','2018-10-06 15:55:38'),(11,'8bf4f185-cd5b-44af-8369-f69b75a80202',1,'Update','Vanguard\\Role',3,'Vanguard\\Role',3,'Vanguard\\Role',3,'','finished','','2018-10-06 15:56:43','2018-10-06 15:56:43'),(12,'8bf4f199-31e9-4863-a36b-1bd6d41b7f69',1,'Update','Vanguard\\Role',3,'Vanguard\\Role',3,'Vanguard\\Role',3,'','finished','','2018-10-06 15:56:56','2018-10-06 15:56:56'),(13,'8bf4f1b8-633c-4374-9539-58514f5d5bd5',1,'Update','Vanguard\\Role',4,'Vanguard\\Role',4,'Vanguard\\Role',4,'','finished','','2018-10-06 15:57:16','2018-10-06 15:57:16'),(14,'8bf4f1cf-acf3-41ab-a5a1-eceb9bcda047',1,'Update','Vanguard\\Role',5,'Vanguard\\Role',5,'Vanguard\\Role',5,'','finished','','2018-10-06 15:57:32','2018-10-06 15:57:32'),(15,'8bf4f27f-f2b2-41fd-9c01-7ab38baeea8c',1,'Update','Vanguard\\Schools',3,'Vanguard\\Schools',3,'Vanguard\\Schools',3,'','finished','','2018-10-06 15:59:27','2018-10-06 15:59:27'),(16,'8c144edc-2a90-48b2-ad7f-3e946f827398',1,'Update','Vanguard\\Classroom',10,'Vanguard\\Classroom',10,'Vanguard\\Classroom',10,'','finished','','2018-10-22 06:08:22','2018-10-22 06:08:22'),(17,'8c14525b-7181-456f-a14f-9797a5575254',1,'Update','Vanguard\\Classroom',12,'Vanguard\\Classroom',12,'Vanguard\\Classroom',12,'','finished','','2018-10-22 06:18:09','2018-10-22 06:18:09'),(18,'8c1658da-0867-4716-aa82-2b8ae188ae77',1,'Update','Vanguard\\Classroom',13,'Vanguard\\Classroom',13,'Vanguard\\Classroom',13,'','finished','','2018-10-23 06:27:58','2018-10-23 06:27:58'),(19,'8c165da6-c6c0-4782-a3c0-6e3f182177df',1,'Update','Vanguard\\Classroom',12,'Vanguard\\Classroom',12,'Vanguard\\Classroom',12,'','finished','','2018-10-23 06:41:23','2018-10-23 06:41:23'),(20,'8c167690-7414-4ff6-b6f0-65714a0eaa94',1,'Update','Vanguard\\Classroom',12,'Vanguard\\Classroom',12,'Vanguard\\Classroom',12,'','finished','','2018-10-23 07:51:03','2018-10-23 07:51:03'),(21,'8c1868c4-2849-443c-92a8-cc65ede813c3',1,'Update','Vanguard\\Classroom',13,'Vanguard\\Classroom',13,'Vanguard\\Classroom',13,'','finished','','2018-10-24 07:04:07','2018-10-24 07:04:07'),(22,'8c1a671f-bd59-4397-85ec-131a0af813c8',1,'Update','Vanguard\\Classroom',15,'Vanguard\\Classroom',15,'Vanguard\\Classroom',15,'','finished','','2018-10-25 06:51:11','2018-10-25 06:51:11'),(23,'8c1f9a06-b839-4e15-98bb-e690c0ffdb4c',1,'Update','Vanguard\\Classroom',12,'Vanguard\\Classroom',12,'Vanguard\\Classroom',12,'','finished','','2018-10-27 20:52:40','2018-10-27 20:52:40'),(24,'8c1f9a28-7403-4580-8ca7-093c3a65fdcd',1,'Update','Vanguard\\Classroom',13,'Vanguard\\Classroom',13,'Vanguard\\Classroom',13,'','finished','','2018-10-27 20:53:02','2018-10-27 20:53:02'),(25,'8c1f9a3a-2907-4c9b-9f7b-775609794805',1,'Update','Vanguard\\Classroom',15,'Vanguard\\Classroom',15,'Vanguard\\Classroom',15,'','finished','','2018-10-27 20:53:13','2018-10-27 20:53:13'),(26,'8c1fa6c5-1f76-4774-be33-24885ee2eec5',1,'Update','Vanguard\\Classroom',12,'Vanguard\\Classroom',12,'Vanguard\\Classroom',12,'','finished','','2018-10-27 21:28:18','2018-10-27 21:28:18'),(27,'8c1fa71d-7fa6-4bed-8d44-b11053bae202',1,'Update','Vanguard\\Classroom',13,'Vanguard\\Classroom',13,'Vanguard\\Classroom',13,'','finished','','2018-10-27 21:29:16','2018-10-27 21:29:16'),(28,'8c1fc9ce-86ce-43b3-8746-fc11d0f1bbee',1,'Update','Vanguard\\Classroom',15,'Vanguard\\Classroom',15,'Vanguard\\Classroom',15,'','finished','','2018-10-27 23:06:16','2018-10-27 23:06:16'),(29,'8c1fcaca-32d1-4c50-9f70-88e30f6b93fd',1,'Update','Vanguard\\Classroom',15,'Vanguard\\Classroom',15,'Vanguard\\Classroom',15,'','finished','','2018-10-27 23:09:01','2018-10-27 23:09:01'),(30,'8c1fcb80-3d0b-4c33-9d9f-a87d6fac1251',1,'Update','Vanguard\\Classroom',15,'Vanguard\\Classroom',15,'Vanguard\\Classroom',15,'','finished','','2018-10-27 23:11:00','2018-10-27 23:11:00'),(31,'8c1fe11c-3667-4545-8b6b-beb9e8e5496f',1,'Update','Vanguard\\Classroom',14,'Vanguard\\Classroom',14,'Vanguard\\Classroom',14,'','finished','','2018-10-28 00:11:25','2018-10-28 00:11:25'),(32,'8c1fecb6-793d-4909-8d8f-fe5a121b82ba',1,'Update','Vanguard\\Classroom',18,'Vanguard\\Classroom',18,'Vanguard\\Classroom',18,'','finished','','2018-10-28 00:43:52','2018-10-28 00:43:52'),(33,'8c2fc56d-b8e5-4293-8f85-a55f943c75ec',1,'Update','Vanguard\\Classroom',21,'Vanguard\\Classroom',21,'Vanguard\\Classroom',21,'','finished','','2018-11-04 21:47:16','2018-11-04 21:47:16'),(34,'8c43a351-012d-4a1e-b2ce-13c21fd0285c',1,'Delete','Vanguard\\Location',1,'Vanguard\\Location',1,'Vanguard\\Location',1,'','finished','','2018-11-14 18:48:26','2018-11-14 18:48:26');
/*!40000 ALTER TABLE `action_events` ENABLE KEYS */;
UNLOCK TABLES;

--
-- Table structure for table `api_tokens`
--

DROP TABLE IF EXISTS `api_tokens`;
/*!40101 SET @saved_cs_client     = @@character_set_client */;
/*!40101 SET character_set_client = utf8 */;
CREATE TABLE `api_tokens` (
  `id` varchar(40) COLLATE utf8mb4_unicode_ci NOT NULL,
  `user_id` int(10) unsigned NOT NULL,
  `ip_address` varchar(45) COLLATE utf8mb4_unicode_ci DEFAULT NULL,
  `user_agent` text COLLATE utf8mb4_unicode_ci,
  `created_at` timestamp NULL DEFAULT NULL,
  `updated_at` timestamp NULL DEFAULT NULL,
  `expires_at` timestamp NULL DEFAULT NULL,
  PRIMARY KEY (`id`),
  KEY `api_tokens_id_expires_at_index` (`id`,`expires_at`),
  KEY `api_tokens_user_id_foreign` (`user_id`),
  CONSTRAINT `api_tokens_user_id_foreign` FOREIGN KEY (`user_id`) REFERENCES `users` (`id`) ON DELETE CASCADE
) ENGINE=InnoDB DEFAULT CHARSET=utf8mb4 COLLATE=utf8mb4_unicode_ci;
/*!40101 SET character_set_client = @saved_cs_client */;

--
-- Dumping data for table `api_tokens`
--

LOCK TABLES `api_tokens` WRITE;
/*!40000 ALTER TABLE `api_tokens` DISABLE KEYS */;
/*!40000 ALTER TABLE `api_tokens` ENABLE KEYS */;
UNLOCK TABLES;

--
-- Table structure for table `classrooms`
--

DROP TABLE IF EXISTS `classrooms`;
/*!40101 SET @saved_cs_client     = @@character_set_client */;
/*!40101 SET character_set_client = utf8 */;
CREATE TABLE `classrooms` (
  `id` int(10) unsigned NOT NULL AUTO_INCREMENT,
  `class_id` varchar(32) COLLATE utf8mb4_unicode_ci NOT NULL,
  `room_id` varchar(32) COLLATE utf8mb4_unicode_ci NOT NULL,
  `location_id` int(10) DEFAULT NULL,
  `location_title` varchar(32) COLLATE utf8mb4_unicode_ci NOT NULL,
  `name` varchar(191) COLLATE utf8mb4_unicode_ci NOT NULL,
  `class_description` varchar(191) COLLATE utf8mb4_unicode_ci NOT NULL,
  `user_id` int(10) unsigned DEFAULT NULL,
  `school_id` int(10) unsigned DEFAULT NULL,
  `created_at` timestamp NULL DEFAULT NULL,
  `updated_at` timestamp NULL DEFAULT NULL,
  PRIMARY KEY (`id`),
  UNIQUE KEY `classrooms_name_unique` (`name`)
) ENGINE=InnoDB AUTO_INCREMENT=24 DEFAULT CHARSET=utf8mb4 COLLATE=utf8mb4_unicode_ci;
/*!40101 SET character_set_client = @saved_cs_client */;

--
-- Dumping data for table `classrooms`
--

LOCK TABLES `classrooms` WRITE;
/*!40000 ALTER TABLE `classrooms` DISABLE KEYS */;
INSERT INTO `classrooms` VALUES (18,'','',NULL,'','Class G1','Basement Level',22,10,'2018-10-28 00:40:06','2018-10-28 00:43:52'),(19,'','',NULL,'','Class G2','Test Room',NULL,10,'2018-10-28 00:40:49','2018-10-28 00:40:49'),(20,'','',NULL,'','Class G3','Test Class',23,10,'2018-10-28 00:41:00','2018-10-28 00:41:00'),(21,'','',NULL,'','Class T1','Test Class',26,20,'2018-10-28 00:41:17','2018-11-04 21:47:16'),(22,'','',NULL,'','Class T2','Test Class',NULL,20,'2018-10-28 00:41:26','2018-10-28 00:41:26'),(23,'','',NULL,'','Class T3','Test Class',NULL,20,'2018-10-28 00:41:35','2018-10-28 00:41:35');
/*!40000 ALTER TABLE `classrooms` ENABLE KEYS */;
UNLOCK TABLES;

--
-- Table structure for table `countries`
--

DROP TABLE IF EXISTS `countries`;
/*!40101 SET @saved_cs_client     = @@character_set_client */;
/*!40101 SET character_set_client = utf8 */;
CREATE TABLE `countries` (
  `id` int(10) unsigned NOT NULL AUTO_INCREMENT,
  `capital` varchar(255) COLLATE utf8mb4_unicode_ci DEFAULT NULL,
  `citizenship` varchar(255) COLLATE utf8mb4_unicode_ci DEFAULT NULL,
  `country_code` varchar(3) COLLATE utf8mb4_unicode_ci NOT NULL DEFAULT '',
  `currency` varchar(255) COLLATE utf8mb4_unicode_ci DEFAULT NULL,
  `currency_code` varchar(255) COLLATE utf8mb4_unicode_ci DEFAULT NULL,
  `currency_sub_unit` varchar(255) COLLATE utf8mb4_unicode_ci DEFAULT NULL,
  `currency_symbol` varchar(3) COLLATE utf8mb4_unicode_ci DEFAULT NULL,
  `full_name` varchar(255) COLLATE utf8mb4_unicode_ci DEFAULT NULL,
  `iso_3166_2` varchar(2) COLLATE utf8mb4_unicode_ci NOT NULL DEFAULT '',
  `iso_3166_3` varchar(3) COLLATE utf8mb4_unicode_ci NOT NULL DEFAULT '',
  `name` varchar(255) COLLATE utf8mb4_unicode_ci NOT NULL DEFAULT '',
  `region_code` varchar(3) COLLATE utf8mb4_unicode_ci NOT NULL DEFAULT '',
  `sub_region_code` varchar(3) COLLATE utf8mb4_unicode_ci NOT NULL DEFAULT '',
  `eea` tinyint(1) NOT NULL DEFAULT '0',
  `calling_code` varchar(3) COLLATE utf8mb4_unicode_ci DEFAULT NULL,
  `flag` varchar(6) COLLATE utf8mb4_unicode_ci DEFAULT NULL,
  PRIMARY KEY (`id`)
) ENGINE=InnoDB AUTO_INCREMENT=895 DEFAULT CHARSET=utf8mb4 COLLATE=utf8mb4_unicode_ci;
/*!40101 SET character_set_client = @saved_cs_client */;

--
-- Dumping data for table `countries`
--

LOCK TABLES `countries` WRITE;
/*!40000 ALTER TABLE `countries` DISABLE KEYS */;
INSERT INTO `countries` VALUES (4,'Kabul','Afghan','004','afghani','AFN','pul','؋','Islamic Republic of Afghanistan','AF','AFG','Afghanistan','142','034',0,'93','AF.png'),(8,'Tirana','Albanian','008','lek','ALL','(qindar (pl. qindarka))','Lek','Republic of Albania','AL','ALB','Albania','150','039',0,'355','AL.png'),(10,'Antartica','of Antartica','010','','','','','Antarctica','AQ','ATA','Antarctica','','',0,'672','AQ.png'),(12,'Algiers','Algerian','012','Algerian dinar','DZD','centime','DZD','People’s Democratic Republic of Algeria','DZ','DZA','Algeria','002','015',0,'213','DZ.png'),(16,'Pago Pago','American Samoan','016','US dollar','USD','cent','$','Territory of American','AS','ASM','American Samoa','009','061',0,'1','AS.png'),(20,'Andorra la Vella','Andorran','020','euro','EUR','cent','€','Principality of Andorra','AD','AND','Andorra','150','039',0,'376','AD.png'),(24,'Luanda','Angolan','024','kwanza','AOA','cêntimo','Kz','Republic of Angola','AO','AGO','Angola','002','017',0,'244','AO.png'),(28,'St John’s','of Antigua and Barbuda','028','East Caribbean dollar','XCD','cent','$','Antigua and Barbuda','AG','ATG','Antigua and Barbuda','019','029',0,'1','AG.png'),(31,'Baku','Azerbaijani','031','Azerbaijani manat','AZN','kepik (inv.)','ман','Republic of Azerbaijan','AZ','AZE','Azerbaijan','142','145',0,'994','AZ.png'),(32,'Buenos Aires','Argentinian','032','Argentine peso','ARS','centavo','$','Argentine Republic','AR','ARG','Argentina','019','005',0,'54','AR.png'),(36,'Canberra','Australian','036','Australian dollar','AUD','cent','$','Commonwealth of Australia','AU','AUS','Australia','009','053',0,'61','AU.png'),(40,'Vienna','Austrian','040','euro','EUR','cent','€','Republic of Austria','AT','AUT','Austria','150','155',1,'43','AT.png'),(44,'Nassau','Bahamian','044','Bahamian dollar','BSD','cent','$','Commonwealth of the Bahamas','BS','BHS','Bahamas','019','029',0,'1','BS.png'),(48,'Manama','Bahraini','048','Bahraini dinar','BHD','fils (inv.)','BHD','Kingdom of Bahrain','BH','BHR','Bahrain','142','145',0,'973','BH.png'),(50,'Dhaka','Bangladeshi','050','taka (inv.)','BDT','poisha (inv.)','BDT','People’s Republic of Bangladesh','BD','BGD','Bangladesh','142','034',0,'880','BD.png'),(51,'Yerevan','Armenian','051','dram (inv.)','AMD','luma','AMD','Republic of Armenia','AM','ARM','Armenia','142','145',0,'374','AM.png'),(52,'Bridgetown','Barbadian','052','Barbados dollar','BBD','cent','$','Barbados','BB','BRB','Barbados','019','029',0,'1','BB.png'),(56,'Brussels','Belgian','056','euro','EUR','cent','€','Kingdom of Belgium','BE','BEL','Belgium','150','155',1,'32','BE.png'),(60,'Hamilton','Bermudian','060','Bermuda dollar','BMD','cent','$','Bermuda','BM','BMU','Bermuda','019','021',0,'1','BM.png'),(64,'Thimphu','Bhutanese','064','ngultrum (inv.)','BTN','chhetrum (inv.)','BTN','Kingdom of Bhutan','BT','BTN','Bhutan','142','034',0,'975','BT.png'),(68,'Sucre (BO1)','Bolivian','068','boliviano','BOB','centavo','$b','Plurinational State of Bolivia','BO','BOL','Bolivia, Plurinational State of','019','005',0,'591','BO.png'),(70,'Sarajevo','of Bosnia and Herzegovina','070','convertible mark','BAM','fening','KM','Bosnia and Herzegovina','BA','BIH','Bosnia and Herzegovina','150','039',0,'387','BA.png'),(72,'Gaborone','Botswanan','072','pula (inv.)','BWP','thebe (inv.)','P','Republic of Botswana','BW','BWA','Botswana','002','018',0,'267','BW.png'),(74,'Bouvet island','of Bouvet island','074','','','','kr','Bouvet Island','BV','BVT','Bouvet Island','','',0,'47','BV.png'),(76,'Brasilia','Brazilian','076','real (pl. reais)','BRL','centavo','R$','Federative Republic of Brazil','BR','BRA','Brazil','019','005',0,'55','BR.png'),(84,'Belmopan','Belizean','084','Belize dollar','BZD','cent','BZ$','Belize','BZ','BLZ','Belize','019','013',0,'501','BZ.png'),(86,'Diego Garcia','Changosian','086','US dollar','USD','cent','$','British Indian Ocean Territory','IO','IOT','British Indian Ocean Territory','','',0,'246','IO.png'),(90,'Honiara','Solomon Islander','090','Solomon Islands dollar','SBD','cent','$','Solomon Islands','SB','SLB','Solomon Islands','009','054',0,'677','SB.png'),(92,'Road Town','British Virgin Islander;','092','US dollar','USD','cent','$','British Virgin Islands','VG','VGB','Virgin Islands, British','019','029',0,'1','VG.png'),(96,'Bandar Seri Begawan','Bruneian','096','Brunei dollar','BND','sen (inv.)','$','Brunei Darussalam','BN','BRN','Brunei Darussalam','142','035',0,'673','BN.png'),(100,'Sofia','Bulgarian','100','lev (pl. leva)','BGN','stotinka','лв','Republic of Bulgaria','BG','BGR','Bulgaria','150','151',1,'359','BG.png'),(104,'Yangon','Burmese','104','kyat','MMK','pya','K','Union of Myanmar/','MM','MMR','Myanmar','142','035',0,'95','MM.png'),(108,'Bujumbura','Burundian','108','Burundi franc','BIF','centime','BIF','Republic of Burundi','BI','BDI','Burundi','002','014',0,'257','BI.png'),(112,'Minsk','Belarusian','112','Belarusian rouble','BYR','kopek','p.','Republic of Belarus','BY','BLR','Belarus','150','151',0,'375','BY.png'),(116,'Phnom Penh','Cambodian','116','riel','KHR','sen (inv.)','៛','Kingdom of Cambodia','KH','KHM','Cambodia','142','035',0,'855','KH.png'),(120,'Yaoundé','Cameroonian','120','CFA franc (BEAC)','XAF','centime','FCF','Republic of Cameroon','CM','CMR','Cameroon','002','017',0,'237','CM.png'),(124,'Ottawa','Canadian','124','Canadian dollar','CAD','cent','$','Canada','CA','CAN','Canada','019','021',0,'1','CA.png'),(132,'Praia','Cape Verdean','132','Cape Verde escudo','CVE','centavo','CVE','Republic of Cape Verde','CV','CPV','Cape Verde','002','011',0,'238','CV.png'),(136,'George Town','Caymanian','136','Cayman Islands dollar','KYD','cent','$','Cayman Islands','KY','CYM','Cayman Islands','019','029',0,'1','KY.png'),(140,'Bangui','Central African','140','CFA franc (BEAC)','XAF','centime','CFA','Central African Republic','CF','CAF','Central African Republic','002','017',0,'236','CF.png'),(144,'Colombo','Sri Lankan','144','Sri Lankan rupee','LKR','cent','₨','Democratic Socialist Republic of Sri Lanka','LK','LKA','Sri Lanka','142','034',0,'94','LK.png'),(148,'N’Djamena','Chadian','148','CFA franc (BEAC)','XAF','centime','XAF','Republic of Chad','TD','TCD','Chad','002','017',0,'235','TD.png'),(152,'Santiago','Chilean','152','Chilean peso','CLP','centavo','CLP','Republic of Chile','CL','CHL','Chile','019','005',0,'56','CL.png'),(156,'Beijing','Chinese','156','renminbi-yuan (inv.)','CNY','jiao (10)','¥','People’s Republic of China','CN','CHN','China','142','030',0,'86','CN.png'),(158,'Taipei','Taiwanese','158','new Taiwan dollar','TWD','fen (inv.)','NT$','Republic of China, Taiwan (TW1)','TW','TWN','Taiwan, Province of China','142','030',0,'886','TW.png'),(162,'Flying Fish Cove','Christmas Islander','162','Australian dollar','AUD','cent','$','Christmas Island Territory','CX','CXR','Christmas Island','','',0,'61','CX.png'),(166,'Bantam','Cocos Islander','166','Australian dollar','AUD','cent','$','Territory of Cocos (Keeling) Islands','CC','CCK','Cocos (Keeling) Islands','','',0,'61','CC.png'),(170,'Santa Fe de Bogotá','Colombian','170','Colombian peso','COP','centavo','$','Republic of Colombia','CO','COL','Colombia','019','005',0,'57','CO.png'),(174,'Moroni','Comorian','174','Comorian franc','KMF','','KMF','Union of the Comoros','KM','COM','Comoros','002','014',0,'269','KM.png'),(175,'Mamoudzou','Mahorais','175','euro','EUR','cent','€','Departmental Collectivity of Mayotte','YT','MYT','Mayotte','002','014',0,'262','YT.png'),(178,'Brazzaville','Congolese','178','CFA franc (BEAC)','XAF','centime','FCF','Republic of the Congo','CG','COG','Congo','002','017',0,'242','CG.png'),(180,'Kinshasa','Congolese','180','Congolese franc','CDF','centime','CDF','Democratic Republic of the Congo','CD','COD','Congo, the Democratic Republic of the','002','017',0,'243','CD.png'),(184,'Avarua','Cook Islander','184','New Zealand dollar','NZD','cent','$','Cook Islands','CK','COK','Cook Islands','009','061',0,'682','CK.png'),(188,'San José','Costa Rican','188','Costa Rican colón (pl. colones)','CRC','céntimo','₡','Republic of Costa Rica','CR','CRI','Costa Rica','019','013',0,'506','CR.png'),(191,'Zagreb','Croatian','191','kuna (inv.)','HRK','lipa (inv.)','kn','Republic of Croatia','HR','HRV','Croatia','150','039',1,'385','HR.png'),(192,'Havana','Cuban','192','Cuban peso','CUP','centavo','₱','Republic of Cuba','CU','CUB','Cuba','019','029',0,'53','CU.png'),(196,'Nicosia','Cypriot','196','euro','EUR','cent','CYP','Republic of Cyprus','CY','CYP','Cyprus','142','145',1,'357','CY.png'),(203,'Prague','Czech','203','Czech koruna (pl. koruny)','CZK','halér','Kč','Czech Republic','CZ','CZE','Czech Republic','150','151',1,'420','CZ.png'),(204,'Porto Novo (BJ1)','Beninese','204','CFA franc (BCEAO)','XOF','centime','XOF','Republic of Benin','BJ','BEN','Benin','002','011',0,'229','BJ.png'),(208,'Copenhagen','Danish','208','Danish krone','DKK','øre (inv.)','kr','Kingdom of Denmark','DK','DNK','Denmark','150','154',1,'45','DK.png'),(212,'Roseau','Dominican','212','East Caribbean dollar','XCD','cent','$','Commonwealth of Dominica','DM','DMA','Dominica','019','029',0,'1','DM.png'),(214,'Santo Domingo','Dominican','214','Dominican peso','DOP','centavo','RD$','Dominican Republic','DO','DOM','Dominican Republic','019','029',0,'1','DO.png'),(218,'Quito','Ecuadorian','218','US dollar','USD','cent','$','Republic of Ecuador','EC','ECU','Ecuador','019','005',0,'593','EC.png'),(222,'San Salvador','Salvadoran','222','Salvadorian colón (pl. colones)','SVC','centavo','$','Republic of El Salvador','SV','SLV','El Salvador','019','013',0,'503','SV.png'),(226,'Malabo','Equatorial Guinean','226','CFA franc (BEAC)','XAF','centime','FCF','Republic of Equatorial Guinea','GQ','GNQ','Equatorial Guinea','002','017',0,'240','GQ.png'),(231,'Addis Ababa','Ethiopian','231','birr (inv.)','ETB','cent','ETB','Federal Democratic Republic of Ethiopia','ET','ETH','Ethiopia','002','014',0,'251','ET.png'),(232,'Asmara','Eritrean','232','nakfa','ERN','cent','Nfk','State of Eritrea','ER','ERI','Eritrea','002','014',0,'291','ER.png'),(233,'Tallinn','Estonian','233','euro','EUR','cent','kr','Republic of Estonia','EE','EST','Estonia','150','154',1,'372','EE.png'),(234,'Tórshavn','Faeroese','234','Danish krone','DKK','øre (inv.)','kr','Faeroe Islands','FO','FRO','Faroe Islands','150','154',0,'298','FO.png'),(238,'Stanley','Falkland Islander','238','Falkland Islands pound','FKP','new penny','£','Falkland Islands','FK','FLK','Falkland Islands (Malvinas)','019','005',0,'500','FK.png'),(239,'King Edward Point (Grytviken)','of South Georgia and the South Sandwich Islands','239','','','','£','South Georgia and the South Sandwich Islands','GS','SGS','South Georgia and the South Sandwich Islands','','',0,'44','GS.png'),(242,'Suva','Fijian','242','Fiji dollar','FJD','cent','$','Republic of Fiji','FJ','FJI','Fiji','009','054',0,'679','FJ.png'),(246,'Helsinki','Finnish','246','euro','EUR','cent','€','Republic of Finland','FI','FIN','Finland','150','154',1,'358','FI.png'),(248,'Mariehamn','Åland Islander','248','euro','EUR','cent',NULL,'Åland Islands','AX','ALA','Åland Islands','150','154',0,'358',NULL),(250,'Paris','French','250','euro','EUR','cent','€','French Republic','FR','FRA','France','150','155',1,'33','FR.png'),(254,'Cayenne','Guianese','254','euro','EUR','cent','€','French Guiana','GF','GUF','French Guiana','019','005',0,'594','GF.png'),(258,'Papeete','Polynesian','258','CFP franc','XPF','centime','XPF','French Polynesia','PF','PYF','French Polynesia','009','061',0,'689','PF.png'),(260,'Port-aux-Francais','of French Southern and Antarctic Lands','260','euro','EUR','cent','€','French Southern and Antarctic Lands','TF','ATF','French Southern Territories','','',0,'33','TF.png'),(262,'Djibouti','Djiboutian','262','Djibouti franc','DJF','','DJF','Republic of Djibouti','DJ','DJI','Djibouti','002','014',0,'253','DJ.png'),(266,'Libreville','Gabonese','266','CFA franc (BEAC)','XAF','centime','FCF','Gabonese Republic','GA','GAB','Gabon','002','017',0,'241','GA.png'),(268,'Tbilisi','Georgian','268','lari','GEL','tetri (inv.)','GEL','Georgia','GE','GEO','Georgia','142','145',0,'995','GE.png'),(270,'Banjul','Gambian','270','dalasi (inv.)','GMD','butut','D','Republic of the Gambia','GM','GMB','Gambia','002','011',0,'220','GM.png'),(275,NULL,'Palestinian','275',NULL,NULL,NULL,'₪',NULL,'PS','PSE','Palestinian Territory, Occupied','142','145',0,'970','PS.png'),(276,'Berlin','German','276','euro','EUR','cent','€','Federal Republic of Germany','DE','DEU','Germany','150','155',1,'49','DE.png'),(288,'Accra','Ghanaian','288','Ghana cedi','GHS','pesewa','¢','Republic of Ghana','GH','GHA','Ghana','002','011',0,'233','GH.png'),(292,'Gibraltar','Gibraltarian','292','Gibraltar pound','GIP','penny','£','Gibraltar','GI','GIB','Gibraltar','150','039',0,'350','GI.png'),(296,'Tarawa','Kiribatian','296','Australian dollar','AUD','cent','$','Republic of Kiribati','KI','KIR','Kiribati','009','057',0,'686','KI.png'),(300,'Athens','Greek','300','euro','EUR','cent','€','Hellenic Republic','GR','GRC','Greece','150','039',1,'30','GR.png'),(304,'Nuuk','Greenlander','304','Danish krone','DKK','øre (inv.)','kr','Greenland','GL','GRL','Greenland','019','021',0,'299','GL.png'),(308,'St George’s','Grenadian','308','East Caribbean dollar','XCD','cent','$','Grenada','GD','GRD','Grenada','019','029',0,'1','GD.png'),(312,'Basse Terre','Guadeloupean','312','euro','EUR','cent','€','Guadeloupe','GP','GLP','Guadeloupe','019','029',0,'590','GP.png'),(316,'Agaña (Hagåtña)','Guamanian','316','US dollar','USD','cent','$','Territory of Guam','GU','GUM','Guam','009','057',0,'1','GU.png'),(320,'Guatemala City','Guatemalan','320','quetzal (pl. quetzales)','GTQ','centavo','Q','Republic of Guatemala','GT','GTM','Guatemala','019','013',0,'502','GT.png'),(324,'Conakry','Guinean','324','Guinean franc','GNF','','GNF','Republic of Guinea','GN','GIN','Guinea','002','011',0,'224','GN.png'),(328,'Georgetown','Guyanese','328','Guyana dollar','GYD','cent','$','Cooperative Republic of Guyana','GY','GUY','Guyana','019','005',0,'592','GY.png'),(332,'Port-au-Prince','Haitian','332','gourde','HTG','centime','G','Republic of Haiti','HT','HTI','Haiti','019','029',0,'509','HT.png'),(334,'Territory of Heard Island and McDonald Islands','of Territory of Heard Island and McDonald Islands','334','','','','$','Territory of Heard Island and McDonald Islands','HM','HMD','Heard Island and McDonald Islands','','',0,'61','HM.png'),(336,'Vatican City','of the Holy See/of the Vatican','336','euro','EUR','cent','€','the Holy See/ Vatican City State','VA','VAT','Holy See (Vatican City State)','150','039',0,'39','VA.png'),(340,'Tegucigalpa','Honduran','340','lempira','HNL','centavo','L','Republic of Honduras','HN','HND','Honduras','019','013',0,'504','HN.png'),(344,'(HK3)','Hong Kong Chinese','344','Hong Kong dollar','HKD','cent','$','Hong Kong Special Administrative Region of the People’s Republic of China (HK2)','HK','HKG','Hong Kong','142','030',0,'852','HK.png'),(348,'Budapest','Hungarian','348','forint (inv.)','HUF','(fillér (inv.))','Ft','Republic of Hungary','HU','HUN','Hungary','150','151',1,'36','HU.png'),(352,'Reykjavik','Icelander','352','króna (pl. krónur)','ISK','','kr','Republic of Iceland','IS','ISL','Iceland','150','154',0,'354','IS.png'),(356,'New Delhi','Indian','356','Indian rupee','INR','paisa','₹','Republic of India','IN','IND','India','142','034',0,'91','IN.png'),(360,'Jakarta','Indonesian','360','Indonesian rupiah (inv.)','IDR','sen (inv.)','Rp','Republic of Indonesia','ID','IDN','Indonesia','142','035',0,'62','ID.png'),(364,'Tehran','Iranian','364','Iranian rial','IRR','(dinar) (IR1)','﷼','Islamic Republic of Iran','IR','IRN','Iran, Islamic Republic of','142','034',0,'98','IR.png'),(368,'Baghdad','Iraqi','368','Iraqi dinar','IQD','fils (inv.)','IQD','Republic of Iraq','IQ','IRQ','Iraq','142','145',0,'964','IQ.png'),(372,'Dublin','Irish','372','euro','EUR','cent','€','Ireland (IE1)','IE','IRL','Ireland','150','154',1,'353','IE.png'),(376,'(IL1)','Israeli','376','shekel','ILS','agora','₪','State of Israel','IL','ISR','Israel','142','145',0,'972','IL.png'),(380,'Rome','Italian','380','euro','EUR','cent','€','Italian Republic','IT','ITA','Italy','150','039',1,'39','IT.png'),(384,'Yamoussoukro (CI1)','Ivorian','384','CFA franc (BCEAO)','XOF','centime','XOF','Republic of Côte d’Ivoire','CI','CIV','Côte d\'Ivoire','002','011',0,'225','CI.png'),(388,'Kingston','Jamaican','388','Jamaica dollar','JMD','cent','$','Jamaica','JM','JAM','Jamaica','019','029',0,'1','JM.png'),(392,'Tokyo','Japanese','392','yen (inv.)','JPY','(sen (inv.)) (JP1)','¥','Japan','JP','JPN','Japan','142','030',0,'81','JP.png'),(398,'Astana','Kazakh','398','tenge (inv.)','KZT','tiyn','лв','Republic of Kazakhstan','KZ','KAZ','Kazakhstan','142','143',0,'7','KZ.png'),(400,'Amman','Jordanian','400','Jordanian dinar','JOD','100 qirsh','JOD','Hashemite Kingdom of Jordan','JO','JOR','Jordan','142','145',0,'962','JO.png'),(404,'Nairobi','Kenyan','404','Kenyan shilling','KES','cent','KES','Republic of Kenya','KE','KEN','Kenya','002','014',0,'254','KE.png'),(408,'Pyongyang','North Korean','408','North Korean won (inv.)','KPW','chun (inv.)','₩','Democratic People’s Republic of Korea','KP','PRK','Korea, Democratic People\'s Republic of','142','030',0,'850','KP.png'),(410,'Seoul','South Korean','410','South Korean won (inv.)','KRW','(chun (inv.))','₩','Republic of Korea','KR','KOR','Korea, Republic of','142','030',0,'82','KR.png'),(414,'Kuwait City','Kuwaiti','414','Kuwaiti dinar','KWD','fils (inv.)','KWD','State of Kuwait','KW','KWT','Kuwait','142','145',0,'965','KW.png'),(417,'Bishkek','Kyrgyz','417','som','KGS','tyiyn','лв','Kyrgyz Republic','KG','KGZ','Kyrgyzstan','142','143',0,'996','KG.png'),(418,'Vientiane','Lao','418','kip (inv.)','LAK','(at (inv.))','₭','Lao People’s Democratic Republic','LA','LAO','Lao People\'s Democratic Republic','142','035',0,'856','LA.png'),(422,'Beirut','Lebanese','422','Lebanese pound','LBP','(piastre)','£','Lebanese Republic','LB','LBN','Lebanon','142','145',0,'961','LB.png'),(426,'Maseru','Basotho','426','loti (pl. maloti)','LSL','sente','L','Kingdom of Lesotho','LS','LSO','Lesotho','002','018',0,'266','LS.png'),(428,'Riga','Latvian','428','euro','EUR','cent','Ls','Republic of Latvia','LV','LVA','Latvia','150','154',1,'371','LV.png'),(430,'Monrovia','Liberian','430','Liberian dollar','LRD','cent','$','Republic of Liberia','LR','LBR','Liberia','002','011',0,'231','LR.png'),(434,'Tripoli','Libyan','434','Libyan dinar','LYD','dirham','LYD','Socialist People’s Libyan Arab Jamahiriya','LY','LBY','Libya','002','015',0,'218','LY.png'),(438,'Vaduz','Liechtensteiner','438','Swiss franc','CHF','centime','CHF','Principality of Liechtenstein','LI','LIE','Liechtenstein','150','155',0,'423','LI.png'),(440,'Vilnius','Lithuanian','440','euro','EUR','cent','Lt','Republic of Lithuania','LT','LTU','Lithuania','150','154',1,'370','LT.png'),(442,'Luxembourg','Luxembourger','442','euro','EUR','cent','€','Grand Duchy of Luxembourg','LU','LUX','Luxembourg','150','155',1,'352','LU.png'),(446,'Macao (MO3)','Macanese','446','pataca','MOP','avo','MOP','Macao Special Administrative Region of the People’s Republic of China (MO2)','MO','MAC','Macao','142','030',0,'853','MO.png'),(450,'Antananarivo','Malagasy','450','ariary','MGA','iraimbilanja (inv.)','MGA','Republic of Madagascar','MG','MDG','Madagascar','002','014',0,'261','MG.png'),(454,'Lilongwe','Malawian','454','Malawian kwacha (inv.)','MWK','tambala (inv.)','MK','Republic of Malawi','MW','MWI','Malawi','002','014',0,'265','MW.png'),(458,'Kuala Lumpur (MY1)','Malaysian','458','ringgit (inv.)','MYR','sen (inv.)','RM','Malaysia','MY','MYS','Malaysia','142','035',0,'60','MY.png'),(462,'Malé','Maldivian','462','rufiyaa','MVR','laari (inv.)','Rf','Republic of Maldives','MV','MDV','Maldives','142','034',0,'960','MV.png'),(466,'Bamako','Malian','466','CFA franc (BCEAO)','XOF','centime','XOF','Republic of Mali','ML','MLI','Mali','002','011',0,'223','ML.png'),(470,'Valletta','Maltese','470','euro','EUR','cent','MTL','Republic of Malta','MT','MLT','Malta','150','039',1,'356','MT.png'),(474,'Fort-de-France','Martinican','474','euro','EUR','cent','€','Martinique','MQ','MTQ','Martinique','019','029',0,'596','MQ.png'),(478,'Nouakchott','Mauritanian','478','ouguiya','MRO','khoum','UM','Islamic Republic of Mauritania','MR','MRT','Mauritania','002','011',0,'222','MR.png'),(480,'Port Louis','Mauritian','480','Mauritian rupee','MUR','cent','₨','Republic of Mauritius','MU','MUS','Mauritius','002','014',0,'230','MU.png'),(484,'Mexico City','Mexican','484','Mexican peso','MXN','centavo','$','United Mexican States','MX','MEX','Mexico','019','013',0,'52','MX.png'),(492,'Monaco','Monegasque','492','euro','EUR','cent','€','Principality of Monaco','MC','MCO','Monaco','150','155',0,'377','MC.png'),(496,'Ulan Bator','Mongolian','496','tugrik','MNT','möngö (inv.)','₮','Mongolia','MN','MNG','Mongolia','142','030',0,'976','MN.png'),(498,'Chisinau','Moldovan','498','Moldovan leu (pl. lei)','MDL','ban','MDL','Republic of Moldova','MD','MDA','Moldova, Republic of','150','151',0,'373','MD.png'),(499,'Podgorica','Montenegrin','499','euro','EUR','cent','€','Montenegro','ME','MNE','Montenegro','150','039',0,'382','ME.png'),(500,'Plymouth (MS2)','Montserratian','500','East Caribbean dollar','XCD','cent','$','Montserrat','MS','MSR','Montserrat','019','029',0,'1','MS.png'),(504,'Rabat','Moroccan','504','Moroccan dirham','MAD','centime','MAD','Kingdom of Morocco','MA','MAR','Morocco','002','015',0,'212','MA.png'),(508,'Maputo','Mozambican','508','metical','MZN','centavo','MT','Republic of Mozambique','MZ','MOZ','Mozambique','002','014',0,'258','MZ.png'),(512,'Muscat','Omani','512','Omani rial','OMR','baiza','﷼','Sultanate of Oman','OM','OMN','Oman','142','145',0,'968','OM.png'),(516,'Windhoek','Namibian','516','Namibian dollar','NAD','cent','$','Republic of Namibia','NA','NAM','Namibia','002','018',0,'264','NA.png'),(520,'Yaren','Nauruan','520','Australian dollar','AUD','cent','$','Republic of Nauru','NR','NRU','Nauru','009','057',0,'674','NR.png'),(524,'Kathmandu','Nepalese','524','Nepalese rupee','NPR','paisa (inv.)','₨','Nepal','NP','NPL','Nepal','142','034',0,'977','NP.png'),(528,'Amsterdam (NL2)','Dutch','528','euro','EUR','cent','€','Kingdom of the Netherlands','NL','NLD','Netherlands','150','155',1,'31','NL.png'),(531,'Willemstad','Curaçaoan','531','Netherlands Antillean guilder (CW1)','ANG','cent',NULL,'Curaçao','CW','CUW','Curaçao','019','029',0,'599',NULL),(533,'Oranjestad','Aruban','533','Aruban guilder','AWG','cent','ƒ','Aruba','AW','ABW','Aruba','019','029',0,'297','AW.png'),(534,'Philipsburg','Sint Maartener','534','Netherlands Antillean guilder (SX1)','ANG','cent',NULL,'Sint Maarten','SX','SXM','Sint Maarten (Dutch part)','019','029',0,'721',NULL),(535,NULL,'of Bonaire, Sint Eustatius and Saba','535','US dollar','USD','cent',NULL,NULL,'BQ','BES','Bonaire, Sint Eustatius and Saba','019','029',0,'599',NULL),(540,'Nouméa','New Caledonian','540','CFP franc','XPF','centime','XPF','New Caledonia','NC','NCL','New Caledonia','009','054',0,'687','NC.png'),(548,'Port Vila','Vanuatuan','548','vatu (inv.)','VUV','','Vt','Republic of Vanuatu','VU','VUT','Vanuatu','009','054',0,'678','VU.png'),(554,'Wellington','New Zealander','554','New Zealand dollar','NZD','cent','$','New Zealand','NZ','NZL','New Zealand','009','053',0,'64','NZ.png'),(558,'Managua','Nicaraguan','558','córdoba oro','NIO','centavo','C$','Republic of Nicaragua','NI','NIC','Nicaragua','019','013',0,'505','NI.png'),(562,'Niamey','Nigerien','562','CFA franc (BCEAO)','XOF','centime','XOF','Republic of Niger','NE','NER','Niger','002','011',0,'227','NE.png'),(566,'Abuja','Nigerian','566','naira (inv.)','NGN','kobo (inv.)','₦','Federal Republic of Nigeria','NG','NGA','Nigeria','002','011',0,'234','NG.png'),(570,'Alofi','Niuean','570','New Zealand dollar','NZD','cent','$','Niue','NU','NIU','Niue','009','061',0,'683','NU.png'),(574,'Kingston','Norfolk Islander','574','Australian dollar','AUD','cent','$','Territory of Norfolk Island','NF','NFK','Norfolk Island','009','053',0,'672','NF.png'),(578,'Oslo','Norwegian','578','Norwegian krone (pl. kroner)','NOK','øre (inv.)','kr','Kingdom of Norway','NO','NOR','Norway','150','154',0,'47','NO.png'),(580,'Saipan','Northern Mariana Islander','580','US dollar','USD','cent','$','Commonwealth of the Northern Mariana Islands','MP','MNP','Northern Mariana Islands','009','057',0,'1','MP.png'),(581,'United States Minor Outlying Islands','of United States Minor Outlying Islands','581','US dollar','USD','cent','$','United States Minor Outlying Islands','UM','UMI','United States Minor Outlying Islands','','',0,'1','UM.png'),(583,'Palikir','Micronesian','583','US dollar','USD','cent','$','Federated States of Micronesia','FM','FSM','Micronesia, Federated States of','009','057',0,'691','FM.png'),(584,'Majuro','Marshallese','584','US dollar','USD','cent','$','Republic of the Marshall Islands','MH','MHL','Marshall Islands','009','057',0,'692','MH.png'),(585,'Melekeok','Palauan','585','US dollar','USD','cent','$','Republic of Palau','PW','PLW','Palau','009','057',0,'680','PW.png'),(586,'Islamabad','Pakistani','586','Pakistani rupee','PKR','paisa','₨','Islamic Republic of Pakistan','PK','PAK','Pakistan','142','034',0,'92','PK.png'),(591,'Panama City','Panamanian','591','balboa','PAB','centésimo','B/.','Republic of Panama','PA','PAN','Panama','019','013',0,'507','PA.png'),(598,'Port Moresby','Papua New Guinean','598','kina (inv.)','PGK','toea (inv.)','PGK','Independent State of Papua New Guinea','PG','PNG','Papua New Guinea','009','054',0,'675','PG.png'),(600,'Asunción','Paraguayan','600','guaraní','PYG','céntimo','Gs','Republic of Paraguay','PY','PRY','Paraguay','019','005',0,'595','PY.png'),(604,'Lima','Peruvian','604','new sol','PEN','céntimo','S/.','Republic of Peru','PE','PER','Peru','019','005',0,'51','PE.png'),(608,'Manila','Filipino','608','Philippine peso','PHP','centavo','Php','Republic of the Philippines','PH','PHL','Philippines','142','035',0,'63','PH.png'),(612,'Adamstown','Pitcairner','612','New Zealand dollar','NZD','cent','$','Pitcairn Islands','PN','PCN','Pitcairn','009','061',0,'649','PN.png'),(616,'Warsaw','Polish','616','zloty','PLN','grosz (pl. groszy)','zł','Republic of Poland','PL','POL','Poland','150','151',1,'48','PL.png'),(620,'Lisbon','Portuguese','620','euro','EUR','cent','€','Portuguese Republic','PT','PRT','Portugal','150','039',1,'351','PT.png'),(624,'Bissau','Guinea-Bissau national','624','CFA franc (BCEAO)','XOF','centime','XOF','Republic of Guinea-Bissau','GW','GNB','Guinea-Bissau','002','011',0,'245','GW.png'),(626,'Dili','East Timorese','626','US dollar','USD','cent','$','Democratic Republic of East Timor','TL','TLS','Timor-Leste','142','035',0,'670','TL.png'),(630,'San Juan','Puerto Rican','630','US dollar','USD','cent','$','Commonwealth of Puerto Rico','PR','PRI','Puerto Rico','019','029',0,'1','PR.png'),(634,'Doha','Qatari','634','Qatari riyal','QAR','dirham','﷼','State of Qatar','QA','QAT','Qatar','142','145',0,'974','QA.png'),(638,'Saint-Denis','Reunionese','638','euro','EUR','cent','€','Réunion','RE','REU','Réunion','002','014',0,'262','RE.png'),(642,'Bucharest','Romanian','642','Romanian leu (pl. lei)','RON','ban (pl. bani)','lei','Romania','RO','ROU','Romania','150','151',1,'40','RO.png'),(643,'Moscow','Russian','643','Russian rouble','RUB','kopek','руб','Russian Federation','RU','RUS','Russian Federation','150','151',0,'7','RU.png'),(646,'Kigali','Rwandan; Rwandese','646','Rwandese franc','RWF','centime','RWF','Republic of Rwanda','RW','RWA','Rwanda','002','014',0,'250','RW.png'),(652,'Gustavia','of Saint Barthélemy','652','euro','EUR','cent',NULL,'Collectivity of Saint Barthélemy','BL','BLM','Saint Barthélemy','019','029',0,'590',NULL),(654,'Jamestown','Saint Helenian','654','Saint Helena pound','SHP','penny','£','Saint Helena, Ascension and Tristan da Cunha','SH','SHN','Saint Helena, Ascension and Tristan da Cunha','002','011',0,'290','SH.png'),(659,'Basseterre','Kittsian; Nevisian','659','East Caribbean dollar','XCD','cent','$','Federation of Saint Kitts and Nevis','KN','KNA','Saint Kitts and Nevis','019','029',0,'1','KN.png'),(660,'The Valley','Anguillan','660','East Caribbean dollar','XCD','cent','$','Anguilla','AI','AIA','Anguilla','019','029',0,'1','AI.png'),(662,'Castries','Saint Lucian','662','East Caribbean dollar','XCD','cent','$','Saint Lucia','LC','LCA','Saint Lucia','019','029',0,'1','LC.png'),(663,'Marigot','of Saint Martin','663','euro','EUR','cent',NULL,'Collectivity of Saint Martin','MF','MAF','Saint Martin (French part)','019','029',0,'590',NULL),(666,'Saint-Pierre','St-Pierrais; Miquelonnais','666','euro','EUR','cent','€','Territorial Collectivity of Saint Pierre and Miquelon','PM','SPM','Saint Pierre and Miquelon','019','021',0,'508','PM.png'),(670,'Kingstown','Vincentian','670','East Caribbean dollar','XCD','cent','$','Saint Vincent and the Grenadines','VC','VCT','Saint Vincent and the Grenadines','019','029',0,'1','VC.png'),(674,'San Marino','San Marinese','674','euro','EUR','cent','€','Republic of San Marino','SM','SMR','San Marino','150','039',0,'378','SM.png'),(678,'São Tomé','São Toméan','678','dobra','STD','centavo','Db','Democratic Republic of São Tomé and Príncipe','ST','STP','Sao Tome and Principe','002','017',0,'239','ST.png'),(682,'Riyadh','Saudi Arabian','682','riyal','SAR','halala','﷼','Kingdom of Saudi Arabia','SA','SAU','Saudi Arabia','142','145',0,'966','SA.png'),(686,'Dakar','Senegalese','686','CFA franc (BCEAO)','XOF','centime','XOF','Republic of Senegal','SN','SEN','Senegal','002','011',0,'221','SN.png'),(688,'Belgrade','Serb','688','Serbian dinar','RSD','para (inv.)',NULL,'Republic of Serbia','RS','SRB','Serbia','150','039',0,'381',NULL),(690,'Victoria','Seychellois','690','Seychelles rupee','SCR','cent','₨','Republic of Seychelles','SC','SYC','Seychelles','002','014',0,'248','SC.png'),(694,'Freetown','Sierra Leonean','694','leone','SLL','cent','Le','Republic of Sierra Leone','SL','SLE','Sierra Leone','002','011',0,'232','SL.png'),(702,'Singapore','Singaporean','702','Singapore dollar','SGD','cent','$','Republic of Singapore','SG','SGP','Singapore','142','035',0,'65','SG.png'),(703,'Bratislava','Slovak','703','euro','EUR','cent','Sk','Slovak Republic','SK','SVK','Slovakia','150','151',1,'421','SK.png'),(704,'Hanoi','Vietnamese','704','dong','VND','(10 hào','₫','Socialist Republic of Vietnam','VN','VNM','Viet Nam','142','035',0,'84','VN.png'),(705,'Ljubljana','Slovene','705','euro','EUR','cent','€','Republic of Slovenia','SI','SVN','Slovenia','150','039',1,'386','SI.png'),(706,'Mogadishu','Somali','706','Somali shilling','SOS','cent','S','Somali Republic','SO','SOM','Somalia','002','014',0,'252','SO.png'),(710,'Pretoria (ZA1)','South African','710','rand','ZAR','cent','R','Republic of South Africa','ZA','ZAF','South Africa','002','018',0,'27','ZA.png'),(716,'Harare','Zimbabwean','716','Zimbabwe dollar (ZW1)','ZWL','cent','Z$','Republic of Zimbabwe','ZW','ZWE','Zimbabwe','002','014',0,'263','ZW.png'),(724,'Madrid','Spaniard','724','euro','EUR','cent','€','Kingdom of Spain','ES','ESP','Spain','150','039',1,'34','ES.png'),(728,'Juba','South Sudanese','728','South Sudanese pound','SSP','piaster',NULL,'Republic of South Sudan','SS','SSD','South Sudan','002','015',0,'211',NULL),(729,'Khartoum','Sudanese','729','Sudanese pound','SDG','piastre',NULL,'Republic of the Sudan','SD','SDN','Sudan','002','015',0,'249',NULL),(732,'Al aaiun','Sahrawi','732','Moroccan dirham','MAD','centime','MAD','Western Sahara','EH','ESH','Western Sahara','002','015',0,'212','EH.png'),(740,'Paramaribo','Surinamese','740','Surinamese dollar','SRD','cent','$','Republic of Suriname','SR','SUR','Suriname','019','005',0,'597','SR.png'),(744,'Longyearbyen','of Svalbard','744','Norwegian krone (pl. kroner)','NOK','øre (inv.)','kr','Svalbard and Jan Mayen','SJ','SJM','Svalbard and Jan Mayen','150','154',0,'47','SJ.png'),(748,'Mbabane','Swazi','748','lilangeni','SZL','cent','SZL','Kingdom of Swaziland','SZ','SWZ','Swaziland','002','018',0,'268','SZ.png'),(752,'Stockholm','Swedish','752','krona (pl. kronor)','SEK','öre (inv.)','kr','Kingdom of Sweden','SE','SWE','Sweden','150','154',1,'46','SE.png'),(756,'Berne','Swiss','756','Swiss franc','CHF','centime','CHF','Swiss Confederation','CH','CHE','Switzerland','150','155',0,'41','CH.png'),(760,'Damascus','Syrian','760','Syrian pound','SYP','piastre','£','Syrian Arab Republic','SY','SYR','Syrian Arab Republic','142','145',0,'963','SY.png'),(762,'Dushanbe','Tajik','762','somoni','TJS','diram','TJS','Republic of Tajikistan','TJ','TJK','Tajikistan','142','143',0,'992','TJ.png'),(764,'Bangkok','Thai','764','baht (inv.)','THB','satang (inv.)','฿','Kingdom of Thailand','TH','THA','Thailand','142','035',0,'66','TH.png'),(768,'Lomé','Togolese','768','CFA franc (BCEAO)','XOF','centime','XOF','Togolese Republic','TG','TGO','Togo','002','011',0,'228','TG.png'),(772,'(TK2)','Tokelauan','772','New Zealand dollar','NZD','cent','$','Tokelau','TK','TKL','Tokelau','009','061',0,'690','TK.png'),(776,'Nuku’alofa','Tongan','776','pa’anga (inv.)','TOP','seniti (inv.)','T$','Kingdom of Tonga','TO','TON','Tonga','009','061',0,'676','TO.png'),(780,'Port of Spain','Trinidadian; Tobagonian','780','Trinidad and Tobago dollar','TTD','cent','TT$','Republic of Trinidad and Tobago','TT','TTO','Trinidad and Tobago','019','029',0,'1','TT.png'),(784,'Abu Dhabi','Emirian','784','UAE dirham','AED','fils (inv.)','AED','United Arab Emirates','AE','ARE','United Arab Emirates','142','145',0,'971','AE.png'),(788,'Tunis','Tunisian','788','Tunisian dinar','TND','millime','TND','Republic of Tunisia','TN','TUN','Tunisia','002','015',0,'216','TN.png'),(792,'Ankara','Turk','792','Turkish lira (inv.)','TRY','kurus (inv.)','₺','Republic of Turkey','TR','TUR','Turkey','142','145',0,'90','TR.png'),(795,'Ashgabat','Turkmen','795','Turkmen manat (inv.)','TMT','tenge (inv.)','m','Turkmenistan','TM','TKM','Turkmenistan','142','143',0,'993','TM.png'),(796,'Cockburn Town','Turks and Caicos Islander','796','US dollar','USD','cent','$','Turks and Caicos Islands','TC','TCA','Turks and Caicos Islands','019','029',0,'1','TC.png'),(798,'Funafuti','Tuvaluan','798','Australian dollar','AUD','cent','$','Tuvalu','TV','TUV','Tuvalu','009','061',0,'688','TV.png'),(800,'Kampala','Ugandan','800','Uganda shilling','UGX','cent','UGX','Republic of Uganda','UG','UGA','Uganda','002','014',0,'256','UG.png'),(804,'Kiev','Ukrainian','804','hryvnia','UAH','kopiyka','₴','Ukraine','UA','UKR','Ukraine','150','151',0,'380','UA.png'),(807,'Skopje','of the former Yugoslav Republic of Macedonia','807','denar (pl. denars)','MKD','deni (inv.)','ден','the former Yugoslav Republic of Macedonia','MK','MKD','Macedonia, the former Yugoslav Republic of','150','039',0,'389','MK.png'),(818,'Cairo','Egyptian','818','Egyptian pound','EGP','piastre','£','Arab Republic of Egypt','EG','EGY','Egypt','002','015',0,'20','EG.png'),(826,'London','British','826','pound sterling','GBP','penny (pl. pence)','£','United Kingdom of Great Britain and Northern Ireland','GB','GBR','United Kingdom','150','154',1,'44','GB.png'),(831,'St Peter Port','of Guernsey','831','Guernsey pound (GG2)','GGP (GG2)','penny (pl. pence)',NULL,'Bailiwick of Guernsey','GG','GGY','Guernsey','150','154',0,'44',NULL),(832,'St Helier','of Jersey','832','Jersey pound (JE2)','JEP (JE2)','penny (pl. pence)',NULL,'Bailiwick of Jersey','JE','JEY','Jersey','150','154',0,'44',NULL),(833,'Douglas','Manxman; Manxwoman','833','Manx pound (IM2)','IMP (IM2)','penny (pl. pence)',NULL,'Isle of Man','IM','IMN','Isle of Man','150','154',0,'44',NULL),(834,'Dodoma (TZ1)','Tanzanian','834','Tanzanian shilling','TZS','cent','TZS','United Republic of Tanzania','TZ','TZA','Tanzania, United Republic of','002','014',0,'255','TZ.png'),(840,'Washington DC','American','840','US dollar','USD','cent','$','United States of America','US','USA','United States','019','021',0,'1','US.png'),(850,'Charlotte Amalie','US Virgin Islander','850','US dollar','USD','cent','$','United States Virgin Islands','VI','VIR','Virgin Islands, U.S.','019','029',0,'1','VI.png'),(854,'Ouagadougou','Burkinabe','854','CFA franc (BCEAO)','XOF','centime','XOF','Burkina Faso','BF','BFA','Burkina Faso','002','011',0,'226','BF.png'),(858,'Montevideo','Uruguayan','858','Uruguayan peso','UYU','centésimo','$U','Eastern Republic of Uruguay','UY','URY','Uruguay','019','005',0,'598','UY.png'),(860,'Tashkent','Uzbek','860','sum (inv.)','UZS','tiyin (inv.)','лв','Republic of Uzbekistan','UZ','UZB','Uzbekistan','142','143',0,'998','UZ.png'),(862,'Caracas','Venezuelan','862','bolívar fuerte (pl. bolívares fuertes)','VEF','céntimo','Bs','Bolivarian Republic of Venezuela','VE','VEN','Venezuela, Bolivarian Republic of','019','005',0,'58','VE.png'),(876,'Mata-Utu','Wallisian; Futunan; Wallis and Futuna Islander','876','CFP franc','XPF','centime','XPF','Wallis and Futuna','WF','WLF','Wallis and Futuna','009','061',0,'681','WF.png'),(882,'Apia','Samoan','882','tala (inv.)','WST','sene (inv.)','WS$','Independent State of Samoa','WS','WSM','Samoa','009','061',0,'685','WS.png'),(887,'San’a','Yemenite','887','Yemeni rial','YER','fils (inv.)','﷼','Republic of Yemen','YE','YEM','Yemen','142','145',0,'967','YE.png'),(894,'Lusaka','Zambian','894','Zambian kwacha (inv.)','ZMW','ngwee (inv.)','ZK','Republic of Zambia','ZM','ZMB','Zambia','002','014',0,'260','ZM.png');
/*!40000 ALTER TABLE `countries` ENABLE KEYS */;
UNLOCK TABLES;

--
-- Table structure for table `locations`
--

DROP TABLE IF EXISTS `locations`;
/*!40101 SET @saved_cs_client     = @@character_set_client */;
/*!40101 SET character_set_client = utf8 */;
CREATE TABLE `locations` (
  `id` int(10) unsigned NOT NULL AUTO_INCREMENT,
  `name` varchar(191) COLLATE utf8mb4_unicode_ci NOT NULL,
  `street_address` varchar(191) COLLATE utf8mb4_unicode_ci NOT NULL,
  `city` varchar(191) COLLATE utf8mb4_unicode_ci NOT NULL,
  `state` varchar(191) COLLATE utf8mb4_unicode_ci NOT NULL,
  `postal_code` int(11) unsigned DEFAULT NULL,
  `created_at` timestamp NULL DEFAULT NULL,
  `updated_at` timestamp NULL DEFAULT NULL,
  `school_image` varchar(191) COLLATE utf8mb4_unicode_ci NOT NULL,
  PRIMARY KEY (`id`),
  UNIQUE KEY `schools_name_unique` (`name`)
) ENGINE=InnoDB AUTO_INCREMENT=100 DEFAULT CHARSET=utf8mb4 COLLATE=utf8mb4_unicode_ci;
/*!40101 SET character_set_client = @saved_cs_client */;

--
-- Dumping data for table `locations`
--

LOCK TABLES `locations` WRITE;
/*!40000 ALTER TABLE `locations` DISABLE KEYS */;
INSERT INTO `locations` VALUES (10,'GREENWOOD CENTER','319 Sycamore Street','Altoona','PA',16602,'2018-09-30 07:14:14','2018-10-06 15:59:27','Images/greenwood-center-main-1024x768.jpg'),(20,'TYRONE HEAD START','323 W. 23rd Street','Tyrone','PA',16686,NULL,NULL,''),(30,'FAIRVIEW','1609 Kettle Street','Altoona','PA',16601,NULL,NULL,''),(35,'HOPE COMMUNITY','','','',NULL,NULL,NULL,''),(40,'ROARING SPRING - SCSD','','','',NULL,NULL,NULL,''),(45,'MARTINSBURG PARK','','','',NULL,NULL,NULL,''),(50,'CLAYSBURG','','','',NULL,NULL,NULL,''),(55,'CLAYSBURG - CKSD','','','',NULL,NULL,NULL,''),(60,'HOLLIDAYSBURG','','','',NULL,NULL,NULL,''),(65,'EVERGREEN MANOR','','','',NULL,NULL,NULL,''),(85,'FOOT OF TEN','','','',NULL,NULL,NULL,''),(90,'WILLIAMSBURG LIBRARY','','','',NULL,NULL,NULL,''),(91,'WILLIAMSBURG - WCSD','','','',NULL,NULL,NULL,''),(98,'WASHINGTON JEFFERSON AASD','','','',NULL,NULL,NULL,''),(99,'GENERAL','','','',99,NULL,NULL,'');
/*!40000 ALTER TABLE `locations` ENABLE KEYS */;
UNLOCK TABLES;

--
-- Table structure for table `media_files`
--

DROP TABLE IF EXISTS `media_files`;
/*!40101 SET @saved_cs_client     = @@character_set_client */;
/*!40101 SET character_set_client = utf8 */;
CREATE TABLE `media_files` (
  `id` int(10) unsigned NOT NULL AUTO_INCREMENT,
  `user_id` int(10) unsigned NOT NULL,
  `name` varchar(255) COLLATE utf8mb4_unicode_ci NOT NULL,
  `folder_id` int(10) unsigned NOT NULL DEFAULT '0',
  `mime_type` varchar(120) COLLATE utf8mb4_unicode_ci NOT NULL,
  `size` int(11) NOT NULL,
  `url` varchar(255) COLLATE utf8mb4_unicode_ci NOT NULL,
  `options` text COLLATE utf8mb4_unicode_ci,
  `created_at` timestamp NULL DEFAULT NULL,
  `updated_at` timestamp NULL DEFAULT NULL,
  `deleted_at` timestamp NULL DEFAULT NULL,
  PRIMARY KEY (`id`),
  KEY `media_files_user_id_index` (`user_id`)
) ENGINE=InnoDB AUTO_INCREMENT=235 DEFAULT CHARSET=utf8mb4 COLLATE=utf8mb4_unicode_ci;
/*!40101 SET character_set_client = @saved_cs_client */;

--
-- Dumping data for table `media_files`
--

LOCK TABLES `media_files` WRITE;
/*!40000 ALTER TABLE `media_files` DISABLE KEYS */;
INSERT INTO `media_files` VALUES (129,0,'AA Monthly Enrollment and Waiting  List Report for January 16th 2018',4,'application/pdf',13537,'/uploads/29/2018/january-23/aa-monthly-enrollment-and-waiting-list-report-for-january-16th-2018.pdf','[]','2018-11-28 19:22:57','2018-11-28 19:22:57',NULL),(130,29,'Amended Behavior Support Specialist',4,'application/pdf',276147,'/uploads/29/2018/january-23/amended-behavior-support-specialist.pdf','[]','2018-11-28 19:22:57','2018-11-28 19:22:57',NULL),(131,29,'BOD Agenda January 23, 2018',4,'application/pdf',127495,'/uploads/29/2018/january-23/bod-agenda-january-23-2018.pdf','[]','2018-11-28 19:22:57','2018-11-28 19:22:57',NULL),(132,29,'BOD Minutes 12-5-17',4,'application/pdf',771996,'/uploads/29/2018/january-23/bod-minutes-12-5-17.pdf','[]','2018-11-28 19:22:57','2018-11-28 19:22:57',NULL),(133,29,'BOD Report January 2018',4,'application/pdf',106280,'/uploads/29/2018/january-23/bod-report-january-2018.pdf','[]','2018-11-28 19:22:57','2018-11-28 19:22:57',NULL),(134,29,'Director\'s Report to BOD 01 23 18',4,'application/pdf',499759,'/uploads/29/2018/january-23/directors-report-to-bod-01-23-18.pdf','[]','2018-11-28 19:22:57','2018-11-28 19:22:57',NULL),(135,29,'Ed BOD 1-2018',4,'application/pdf',222849,'/uploads/29/2018/january-23/ed-bod-1-2018.pdf','[]','2018-11-28 19:22:58','2018-11-28 19:22:58',NULL),(136,29,'FCP Board of Directors Report December 2017',4,'application/pdf',274351,'/uploads/29/2018/january-23/fcp-board-of-directors-report-december-2017.pdf','[]','2018-11-28 19:22:58','2018-11-28 19:22:58',NULL),(137,29,'HR Nov Dec 2017',4,'application/pdf',7005,'/uploads/29/2018/january-23/hr-nov-dec-2017.pdf','[]','2018-11-28 19:22:58','2018-11-28 19:22:58',NULL),(138,29,'New Attendance Policy',4,'application/pdf',172439,'/uploads/29/2018/january-23/new-attendance-policy.pdf','[]','2018-11-28 19:22:58','2018-11-28 19:22:58',NULL),(139,29,'OL Monthly Enrollment and Waiting  List Report for January 16th 2018',4,'application/pdf',22714,'/uploads/29/2018/january-23/ol-monthly-enrollment-and-waiting-list-report-for-january-16th-2018.pdf','[]','2018-11-28 19:22:58','2018-11-28 19:22:58',NULL),(140,29,'PAM_Self Assessment PPT for BOD_1-23-18',4,'application/pdf',803977,'/uploads/29/2018/january-23/pam-self-assessment-ppt-for-bod-1-23-18.pdf','[]','2018-11-28 19:22:58','2018-11-28 19:22:58',NULL),(141,29,'PKC Directors Report 01-23-18',4,'application/pdf',115375,'/uploads/29/2018/january-23/pkc-directors-report-01-23-18.pdf','[]','2018-11-28 19:22:58','2018-11-28 19:22:58',NULL),(142,29,'Revised BOD Agenda January 23, 2018',4,'application/pdf',127925,'/uploads/29/2018/january-23/revised-bod-agenda-january-23-2018.pdf','[]','2018-11-28 19:22:59','2018-11-28 19:22:59',NULL),(143,29,'Teen Link 2018 Jan',4,'application/pdf',286620,'/uploads/29/2018/january-23/teen-link-2018-jan.pdf','[]','2018-11-28 19:22:59','2018-11-28 19:22:59',NULL),(144,29,'AC Number Applications Selected  May June 2018',5,'application/pdf',7614,'/uploads/29/2018/july-24/ac-number-applications-selected-may-june-2018.pdf','[]','2018-11-28 19:23:35','2018-11-28 19:23:35',NULL),(145,29,'Administration Administrative Division Assistant',5,'application/pdf',219172,'/uploads/29/2018/july-24/administration-administrative-division-assistant.pdf','[]','2018-11-28 19:23:35','2018-11-28 19:23:35',NULL),(146,29,'BOD Agenda July 24, 2018 Amended',5,'application/pdf',136536,'/uploads/29/2018/july-24/bod-agenda-july-24-2018-amended.pdf','[]','2018-11-28 19:23:35','2018-11-28 19:23:35',NULL),(147,29,'BOD Minutes 5-22-18',5,'application/pdf',680919,'/uploads/29/2018/july-24/bod-minutes-5-22-18.pdf','[]','2018-11-28 19:23:36','2018-11-28 19:23:36',NULL),(148,29,'CDE Manager',5,'application/pdf',171888,'/uploads/29/2018/july-24/cde-manager.pdf','[]','2018-11-28 19:23:36','2018-11-28 19:23:36',NULL),(149,29,'Child Development  Education Supervisor',5,'application/pdf',183001,'/uploads/29/2018/july-24/child-development-education-supervisor.pdf','[]','2018-11-28 19:23:36','2018-11-28 19:23:36',NULL),(150,29,'Classroom Support Staff',5,'application/pdf',211469,'/uploads/29/2018/july-24/classroom-support-staff.pdf','[]','2018-11-28 19:23:36','2018-11-28 19:23:36',NULL),(151,29,'Director\'s Report to BOD 7 24 18',5,'application/pdf',528764,'/uploads/29/2018/july-24/directors-report-to-bod-7-24-18.pdf','[]','2018-11-28 19:23:36','2018-11-28 19:23:36',NULL),(152,29,'Ed PC and Board Update 7-19-18',5,'application/pdf',194721,'/uploads/29/2018/july-24/ed-pc-and-board-update-7-19-18.pdf','[]','2018-11-28 19:23:36','2018-11-28 19:23:36',NULL),(153,29,'FCP Board of Directors Report July 2018',5,'application/pdf',278672,'/uploads/29/2018/july-24/fcp-board-of-directors-report-july-2018.pdf','[]','2018-11-28 19:23:36','2018-11-28 19:23:36',NULL),(154,29,'HR May June 2018',5,'application/pdf',56913,'/uploads/29/2018/july-24/hr-may-june-2018.pdf','[]','2018-11-28 19:23:37','2018-11-28 19:23:37',NULL),(155,29,'Human Resources Specialist (2)',5,'application/pdf',200604,'/uploads/29/2018/july-24/human-resources-specialist-2.pdf','[]','2018-11-28 19:23:37','2018-11-28 19:23:37',NULL),(156,29,'OC Number Applications Selected  May June 2018',5,'application/pdf',8376,'/uploads/29/2018/july-24/oc-number-applications-selected-may-june-2018.pdf','[]','2018-11-28 19:23:37','2018-11-28 19:23:37',NULL),(157,29,'PKC Directors Report 07-30-18',5,'application/pdf',111714,'/uploads/29/2018/july-24/pkc-directors-report-07-30-18.pdf','[]','2018-11-28 19:23:37','2018-11-28 19:23:37',NULL),(158,29,'Teacher (2)',5,'application/pdf',217790,'/uploads/29/2018/july-24/teacher-2.pdf','[]','2018-11-28 19:23:37','2018-11-28 19:23:37',NULL),(159,29,'Teacher Assistant (2)',5,'application/pdf',268583,'/uploads/29/2018/july-24/teacher-assistant-2.pdf','[]','2018-11-28 19:23:37','2018-11-28 19:23:37',NULL),(160,29,'Teen Link 2018 July',5,'application/pdf',226186,'/uploads/29/2018/july-24/teen-link-2018-july.pdf','[]','2018-11-28 19:23:37','2018-11-28 19:23:37',NULL),(161,29,'BOD Agenda March 27, 2018',6,'application/pdf',136129,'/uploads/29/2018/march-27/bod-agenda-march-27-2018.pdf','[]','2018-11-28 19:23:44','2018-11-28 19:23:44',NULL),(162,29,'BOD Minutes 1-23-18',6,'application/pdf',676229,'/uploads/29/2018/march-27/bod-minutes-1-23-18.pdf','[]','2018-11-28 19:23:44','2018-11-28 19:23:44',NULL),(163,29,'BOD Report March 2018',6,'application/pdf',108080,'/uploads/29/2018/march-27/bod-report-march-2018.pdf','[]','2018-11-28 19:23:44','2018-11-28 19:23:44',NULL),(164,29,'Bus Aide',6,'application/pdf',196009,'/uploads/29/2018/march-27/bus-aide.pdf','[]','2018-11-28 19:23:44','2018-11-28 19:23:44',NULL),(165,29,'Bus Driver',6,'application/pdf',160486,'/uploads/29/2018/march-27/bus-driver.pdf','[]','2018-11-28 19:23:44','2018-11-28 19:23:44',NULL),(166,29,'Director\'s Report to BOD 3 27 18',6,'application/pdf',517468,'/uploads/29/2018/march-27/directors-report-to-bod-3-27-18.pdf','[]','2018-11-28 19:23:45','2018-11-28 19:23:45',NULL),(167,29,'Ed BOD 1-2018',6,'application/pdf',222849,'/uploads/29/2018/march-27/ed-bod-1-2018.pdf','[]','2018-11-28 19:23:45','2018-11-28 19:23:45',NULL),(168,29,'Facilities and Transportation  Division Assistant',6,'application/pdf',161605,'/uploads/29/2018/march-27/facilities-and-transportation-division-assistant.pdf','[]','2018-11-28 19:23:45','2018-11-28 19:23:45',NULL),(169,29,'Facilities and Transportation Manager',6,'application/pdf',178454,'/uploads/29/2018/march-27/facilities-and-transportation-manager.pdf','[]','2018-11-28 19:23:45','2018-11-28 19:23:45',NULL),(170,29,'HR Jan Feb 2018',6,'application/pdf',6153,'/uploads/29/2018/march-27/hr-jan-feb-2018.pdf','[]','2018-11-28 19:23:45','2018-11-28 19:23:45',NULL),(171,29,'Maintenance Assistant',6,'application/pdf',156694,'/uploads/29/2018/march-27/maintenance-assistant.pdf','[]','2018-11-28 19:23:45','2018-11-28 19:23:45',NULL),(172,29,'Monthly Enrollment and Waiting  List Report Februart 20th 2018',6,'application/pdf',14530,'/uploads/29/2018/march-27/monthly-enrollment-and-waiting-list-report-februart-20th-2018.pdf','[]','2018-11-28 19:23:45','2018-11-28 19:23:45',NULL),(173,29,'OL Monthly Enrollment and Waiting  List Report Februart 20th 2018',6,'application/pdf',23625,'/uploads/29/2018/march-27/ol-monthly-enrollment-and-waiting-list-report-februart-20th-2018.pdf','[]','2018-11-28 19:23:46','2018-11-28 19:23:46',NULL),(174,29,'Teen Link 2018 March',6,'application/pdf',270909,'/uploads/29/2018/march-27/teen-link-2018-march.pdf','[]','2018-11-28 19:23:46','2018-11-28 19:23:46',NULL),(175,29,'Transportation Specialist',6,'application/pdf',160773,'/uploads/29/2018/march-27/transportation-specialist.pdf','[]','2018-11-28 19:23:46','2018-11-28 19:23:46',NULL),(176,29,'AA Enrollment and Waiting  List report for April 18th 2017',7,'application/pdf',14298,'/uploads/29/2018/may-22/aa-enrollment-and-waiting-list-report-for-april-18th-2017.pdf','[]','2018-11-28 19:23:56','2018-11-28 19:23:56',NULL),(177,29,'Blair County Head Start Eligibilty and Selection Citeria revision 2-2- 2018',7,'application/pdf',409015,'/uploads/29/2018/may-22/blair-county-head-start-eligibilty-and-selection-citeria-revision-2-2-2018.pdf','[]','2018-11-28 19:23:57','2018-11-28 19:23:57',NULL),(178,29,'Board of Directors Report mAY 2018',7,'application/pdf',276599,'/uploads/29/2018/may-22/board-of-directors-report-may-2018.pdf','[]','2018-11-28 19:23:57','2018-11-28 19:23:57',NULL),(179,29,'BOD Agenda May 22, 2018',7,'application/pdf',151153,'/uploads/29/2018/may-22/bod-agenda-may-22-2018.pdf','[]','2018-11-28 19:23:57','2018-11-28 19:23:57',NULL),(180,29,'BOD Minutes 3-27-18',7,'application/pdf',674051,'/uploads/29/2018/may-22/bod-minutes-3-27-18.pdf','[]','2018-11-28 19:23:57','2018-11-28 19:23:57',NULL),(181,29,'Case Manager Level 1',7,'application/pdf',180114,'/uploads/29/2018/may-22/case-manager-level-1.pdf','[]','2018-11-28 19:23:57','2018-11-28 19:23:57',NULL),(182,29,'Case Manager Level 2',7,'application/pdf',180086,'/uploads/29/2018/may-22/case-manager-level-2.pdf','[]','2018-11-28 19:23:57','2018-11-28 19:23:57',NULL),(183,29,'CDE Administrative Division Assistant',7,'application/pdf',164915,'/uploads/29/2018/may-22/cde-administrative-division-assistant.pdf','[]','2018-11-28 19:23:58','2018-11-28 19:23:58',NULL),(184,29,'Child Development and Education Coach',7,'application/pdf',228427,'/uploads/29/2018/may-22/child-development-and-education-coach.pdf','[]','2018-11-28 19:23:58','2018-11-28 19:23:58',NULL),(185,29,'Director\'s Report to BOD 5 22 18',7,'application/pdf',500036,'/uploads/29/2018/may-22/directors-report-to-bod-5-22-18.pdf','[]','2018-11-28 19:23:58','2018-11-28 19:23:58',NULL),(186,29,'Ed BOD Update 5-15-18',7,'application/pdf',229626,'/uploads/29/2018/may-22/ed-bod-update-5-15-18.pdf','[]','2018-11-28 19:23:58','2018-11-28 19:23:58',NULL),(187,29,'ERSEA Specialist II',7,'application/pdf',158564,'/uploads/29/2018/may-22/ersea-specialist-ii.pdf','[]','2018-11-28 19:23:58','2018-11-28 19:23:58',NULL),(188,29,'ERSEA Specialist',7,'application/pdf',211592,'/uploads/29/2018/may-22/ersea-specialist.pdf','[]','2018-11-28 19:23:58','2018-11-28 19:23:58',NULL),(189,29,'Family and Community Partnerships (FCP) Division Assistant',7,'application/pdf',163375,'/uploads/29/2018/may-22/family-and-community-partnerships-fcp-division-assistant.pdf','[]','2018-11-28 19:23:59','2018-11-28 19:23:59',NULL),(190,29,'Family and Community Partnerships (FCP) Manager (2)',7,'application/pdf',187264,'/uploads/29/2018/may-22/family-and-community-partnerships-fcp-manager-2.pdf','[]','2018-11-28 19:23:59','2018-11-28 19:23:59',NULL),(191,29,'Family and Community Partnerships (FCP) Supervisor',7,'application/pdf',377679,'/uploads/29/2018/may-22/family-and-community-partnerships-fcp-supervisor.pdf','[]','2018-11-28 19:23:59','2018-11-28 19:23:59',NULL),(192,29,'HR March April 2018',7,'application/pdf',60088,'/uploads/29/2018/may-22/hr-march-april-2018.pdf','[]','2018-11-28 19:23:59','2018-11-28 19:23:59',NULL),(193,29,'Information Data Staff',7,'application/pdf',210267,'/uploads/29/2018/may-22/information-data-staff.pdf','[]','2018-11-28 19:23:59','2018-11-28 19:23:59',NULL),(194,29,'OL Enrollment and Waiting  List report for April 18th 2017',7,'application/pdf',23458,'/uploads/29/2018/may-22/ol-enrollment-and-waiting-list-report-for-april-18th-2017.pdf','[]','2018-11-28 19:23:59','2018-11-28 19:23:59',NULL),(195,29,'Overview of 2018 2019 HSSAP Continuation Grant',7,'application/pdf',309823,'/uploads/29/2018/may-22/overview-of-2018-2019-hssap-continuation-grant.pdf','[]','2018-11-28 19:24:00','2018-11-28 19:24:00',NULL),(196,29,'PKC Directors Report 05-29-18',7,'application/pdf',109707,'/uploads/29/2018/may-22/pkc-directors-report-05-29-18.pdf','[]','2018-11-28 19:24:00','2018-11-28 19:24:00',NULL),(197,29,'Planning and Development Specialist',7,'application/pdf',412833,'/uploads/29/2018/may-22/planning-and-development-specialist.pdf','[]','2018-11-28 19:24:00','2018-11-28 19:24:00',NULL),(198,29,'Teen Link 2018 May',7,'application/pdf',226922,'/uploads/29/2018/may-22/teen-link-2018-may.pdf','[]','2018-11-28 19:24:00','2018-11-28 19:24:00',NULL),(199,29,'Trans Fac BOD Report May 2018',7,'application/pdf',108283,'/uploads/29/2018/may-22/trans-fac-bod-report-may-2018.pdf','[]','2018-11-28 19:24:00','2018-11-28 19:24:00',NULL),(200,29,'AA Monthly Enrollment and Waiting  List Report for Oct 16th 2018',8,'application/pdf',14057,'/uploads/29/2018/november-27/aa-monthly-enrollment-and-waiting-list-report-for-oct-16th-2018.pdf','[]','2018-11-28 19:24:10','2018-11-28 19:24:10',NULL),(201,29,'BOD meeting dates 2019',8,'application/pdf',256579,'/uploads/29/2018/november-27/bod-meeting-dates-2019.pdf','[]','2018-11-28 19:24:10','2018-11-28 19:24:10',NULL),(202,29,'BOD Minutes 9-25-18',8,'application/pdf',709800,'/uploads/29/2018/november-27/bod-minutes-9-25-18.pdf','[]','2018-11-28 19:24:10','2018-11-28 19:24:10',NULL),(203,29,'Candace McQuillen Application',8,'application/pdf',92763,'/uploads/29/2018/november-27/candace-mcquillen-application.pdf','[]','2018-11-28 19:24:10','2018-11-28 19:24:10',NULL),(204,29,'Ed BOD 11-27-18',8,'application/pdf',228969,'/uploads/29/2018/november-27/ed-bod-11-27-18.pdf','[]','2018-11-28 19:24:10','2018-11-28 19:24:10',NULL),(205,29,'FCP Board of Directors Report November 2018',8,'application/pdf',277361,'/uploads/29/2018/november-27/fcp-board-of-directors-report-november-2018.pdf','[]','2018-11-28 19:24:11','2018-11-28 19:24:11',NULL),(206,29,'HR Procedure  Clearances 2018',8,'application/pdf',132763,'/uploads/29/2018/november-27/hr-procedure-clearances-2018.pdf','[]','2018-11-28 19:24:11','2018-11-28 19:24:11',NULL),(207,29,'OL Monthly Enrollment and Waiting  List Report for Oct 16th 2018',8,'application/pdf',22527,'/uploads/29/2018/november-27/ol-monthly-enrollment-and-waiting-list-report-for-oct-16th-2018.pdf','[]','2018-11-28 19:24:11','2018-11-28 19:24:11',NULL),(208,29,'PC BOD Report Nov 27, 2018',8,'application/pdf',185659,'/uploads/29/2018/november-27/pc-bod-report-nov-27-2018.pdf','[]','2018-11-28 19:24:11','2018-11-28 19:24:11',NULL),(209,29,'PKC Directors Report 11-27-18',8,'application/pdf',115563,'/uploads/29/2018/november-27/pkc-directors-report-11-27-18.pdf','[]','2018-11-28 19:24:11','2018-11-28 19:24:11',NULL),(210,29,'PKC Job Description-Director',8,'application/pdf',170506,'/uploads/29/2018/november-27/pkc-job-description-director.pdf','[]','2018-11-28 19:24:11','2018-11-28 19:24:11',NULL),(211,29,'TLC 2018 November',8,'application/pdf',281926,'/uploads/29/2018/november-27/tlc-2018-november.pdf','[]','2018-11-28 19:24:11','2018-11-28 19:24:11',NULL),(212,29,'AA Monthly Enrollment and Waiting  List Report for August 21st 2018',9,'application/pdf',12204,'/uploads/29/2018/september-25/aa-monthly-enrollment-and-waiting-list-report-for-august-21st-2018.pdf','[]','2018-11-28 19:24:21','2018-11-28 19:24:21',NULL),(213,29,'Adminisrative Division Assistant',9,'application/pdf',164535,'/uploads/29/2018/september-25/adminisrative-division-assistant.pdf','[]','2018-11-28 19:24:22','2018-11-28 19:24:22',NULL),(214,29,'Application Dan Novak',9,'application/pdf',121300,'/uploads/29/2018/september-25/application-dan-novak.pdf','[]','2018-11-28 19:24:22','2018-11-28 19:24:22',NULL),(215,29,'BOD Minutes 7-24-18',9,'application/pdf',686128,'/uploads/29/2018/september-25/bod-minutes-7-24-18.pdf','[]','2018-11-28 19:24:22','2018-11-28 19:24:22',NULL),(216,29,'CDE Behavioral Coach',9,'application/pdf',126032,'/uploads/29/2018/september-25/cde-behavioral-coach.pdf','[]','2018-11-28 19:24:22','2018-11-28 19:24:22',NULL),(217,29,'CDE Manager',9,'application/pdf',171888,'/uploads/29/2018/september-25/cde-manager.pdf','[]','2018-11-28 19:24:22','2018-11-28 19:24:22',NULL),(218,29,'Child Development  Education Supervisor',9,'application/pdf',183001,'/uploads/29/2018/september-25/child-development-education-supervisor.pdf','[]','2018-11-28 19:24:22','2018-11-28 19:24:22',NULL),(219,29,'Classroom Support Staff',9,'application/pdf',211469,'/uploads/29/2018/september-25/classroom-support-staff.pdf','[]','2018-11-28 19:24:22','2018-11-28 19:24:22',NULL),(220,29,'CSCD336 CHILD SUPERVISION revised 8-7-18',9,'application/pdf',132331,'/uploads/29/2018/september-25/cscd336-child-supervision-revised-8-7-18.pdf','[]','2018-11-28 19:24:23','2018-11-28 19:24:23',NULL),(221,29,'Ed PC and Board Update 9-19-18 BOD',9,'application/pdf',205345,'/uploads/29/2018/september-25/ed-pc-and-board-update-9-19-18-bod.pdf','[]','2018-11-28 19:24:23','2018-11-28 19:24:23',NULL),(222,29,'Employee Handbook Update 2018-2019 Final',9,'application/pdf',458561,'/uploads/29/2018/september-25/employee-handbook-update-2018-2019-final.pdf','[]','2018-11-28 19:24:23','2018-11-28 19:24:23',NULL),(223,29,'FCP Board of Directors Report September 2018',9,'application/pdf',269664,'/uploads/29/2018/september-25/fcp-board-of-directors-report-september-2018.pdf','[]','2018-11-28 19:24:23','2018-11-28 19:24:23',NULL),(224,29,'Grassmyer BOD Application Form 9 18',9,'application/pdf',371783,'/uploads/29/2018/september-25/grassmyer-bod-application-form-9-18.pdf','[]','2018-11-28 19:24:23','2018-11-28 19:24:23',NULL),(225,29,'HR July August 2018',9,'application/pdf',59604,'/uploads/29/2018/september-25/hr-july-august-2018.pdf','[]','2018-11-28 19:24:23','2018-11-28 19:24:23',NULL),(226,29,'HR Procedure  Clearances',9,'application/pdf',132763,'/uploads/29/2018/september-25/hr-procedure-clearances.pdf','[]','2018-11-28 19:24:24','2018-11-28 19:24:24',NULL),(227,29,'Human Resources Specialist (2)',9,'application/pdf',200604,'/uploads/29/2018/september-25/human-resources-specialist-2.pdf','[]','2018-11-28 19:24:24','2018-11-28 19:24:24',NULL),(228,29,'OL Monthly Enrollment and Waiting  List Report for August 21st 2018',9,'application/pdf',21996,'/uploads/29/2018/september-25/ol-monthly-enrollment-and-waiting-list-report-for-august-21st-2018.pdf','[]','2018-11-28 19:24:24','2018-11-28 19:24:24',NULL),(229,29,'PKC Directors Report 09-25-18',9,'application/pdf',109159,'/uploads/29/2018/september-25/pkc-directors-report-09-25-18.pdf','[]','2018-11-28 19:24:24','2018-11-28 19:24:24',NULL),(230,29,'Teacher (2)',9,'application/pdf',217790,'/uploads/29/2018/september-25/teacher-2.pdf','[]','2018-11-28 19:24:24','2018-11-28 19:24:24',NULL),(231,29,'Teacher Assistant (2)',9,'application/pdf',268583,'/uploads/29/2018/september-25/teacher-assistant-2.pdf','[]','2018-11-28 19:24:24','2018-11-28 19:24:24',NULL),(232,29,'Tentative BOD Agenda September 25, 2018',9,'application/pdf',139243,'/uploads/29/2018/september-25/tentative-bod-agenda-september-25-2018.pdf','[]','2018-11-28 19:24:24','2018-11-28 19:24:24',NULL),(233,29,'TLC 2018 September',9,'application/pdf',269109,'/uploads/29/2018/september-25/tlc-2018-september.pdf','[]','2018-11-28 19:24:25','2018-11-28 19:24:25',NULL),(234,29,'Trans BOD Report Sept  2018',9,'application/pdf',108422,'/uploads/29/2018/september-25/trans-bod-report-sept-2018.pdf','[]','2018-11-28 19:24:25','2018-11-28 19:24:25',NULL);
/*!40000 ALTER TABLE `media_files` ENABLE KEYS */;
UNLOCK TABLES;

--
-- Table structure for table `media_folders`
--

DROP TABLE IF EXISTS `media_folders`;
/*!40101 SET @saved_cs_client     = @@character_set_client */;
/*!40101 SET character_set_client = utf8 */;
CREATE TABLE `media_folders` (
  `id` int(10) unsigned NOT NULL AUTO_INCREMENT,
  `user_id` int(10) unsigned NOT NULL,
  `name` varchar(191) COLLATE utf8mb4_unicode_ci DEFAULT NULL,
  `slug` varchar(191) COLLATE utf8mb4_unicode_ci DEFAULT NULL,
  `parent_id` int(11) NOT NULL DEFAULT '0',
  `created_at` timestamp NULL DEFAULT NULL,
  `updated_at` timestamp NULL DEFAULT NULL,
  `deleted_at` timestamp NULL DEFAULT NULL,
  PRIMARY KEY (`id`),
  KEY `media_folders_user_id_index` (`user_id`)
) ENGINE=InnoDB AUTO_INCREMENT=13 DEFAULT CHARSET=utf8mb4 COLLATE=utf8mb4_unicode_ci;
/*!40101 SET character_set_client = @saved_cs_client */;

--
-- Dumping data for table `media_folders`
--

LOCK TABLES `media_folders` WRITE;
/*!40000 ALTER TABLE `media_folders` DISABLE KEYS */;
INSERT INTO `media_folders` VALUES (3,0,'2018','2018',11,'2018-11-28 19:22:38','2018-11-28 19:22:38',NULL),(4,0,'January 23','january-23',3,'2018-11-28 19:22:46','2018-11-28 19:22:46',NULL),(5,29,'July 24','july-24',3,'2018-11-28 19:23:07','2018-11-28 19:23:07',NULL),(6,29,'March 27','march-27',3,'2018-11-28 19:23:13','2018-11-28 19:23:13',NULL),(7,29,'May 22','may-22',3,'2018-11-28 19:23:18','2018-11-28 19:23:18',NULL),(8,29,'November 27','november-27',3,'2018-11-28 19:23:23','2018-11-28 19:23:23',NULL),(9,29,'September 25','september-25',3,'2018-11-28 19:23:28','2018-11-28 19:23:28',NULL),(10,0,'Board Members','board-members',0,'2018-12-01 17:12:24','2018-12-01 17:12:24',NULL),(11,1,'Employees','employees',0,'2018-12-01 17:12:29','2018-12-01 17:12:29',NULL),(12,0,'Shared','shared',0,'2018-12-01 17:12:32','2018-12-01 17:12:32',NULL);
/*!40000 ALTER TABLE `media_folders` ENABLE KEYS */;
UNLOCK TABLES;

--
-- Table structure for table `media_settings`
--

DROP TABLE IF EXISTS `media_settings`;
/*!40101 SET @saved_cs_client     = @@character_set_client */;
/*!40101 SET character_set_client = utf8 */;
CREATE TABLE `media_settings` (
  `id` int(10) unsigned NOT NULL AUTO_INCREMENT,
  `key` varchar(120) COLLATE utf8mb4_unicode_ci NOT NULL,
  `value` text COLLATE utf8mb4_unicode_ci,
  `media_id` int(11) DEFAULT NULL,
  `user_id` int(11) DEFAULT NULL,
  `created_at` timestamp NULL DEFAULT NULL,
  `updated_at` timestamp NULL DEFAULT NULL,
  PRIMARY KEY (`id`)
) ENGINE=InnoDB AUTO_INCREMENT=2 DEFAULT CHARSET=utf8mb4 COLLATE=utf8mb4_unicode_ci;
/*!40101 SET character_set_client = @saved_cs_client */;

--
-- Dumping data for table `media_settings`
--

LOCK TABLES `media_settings` WRITE;
/*!40000 ALTER TABLE `media_settings` DISABLE KEYS */;
INSERT INTO `media_settings` VALUES (1,'favorites','[{\"is_folder\":\"true\",\"id\":\"1\"}]',NULL,1,'2018-11-02 05:26:48','2018-11-02 05:26:48');
/*!40000 ALTER TABLE `media_settings` ENABLE KEYS */;
UNLOCK TABLES;

--
-- Table structure for table `migrations`
--

DROP TABLE IF EXISTS `migrations`;
/*!40101 SET @saved_cs_client     = @@character_set_client */;
/*!40101 SET character_set_client = utf8 */;
CREATE TABLE `migrations` (
  `id` int(10) unsigned NOT NULL AUTO_INCREMENT,
  `migration` varchar(191) COLLATE utf8mb4_unicode_ci NOT NULL,
  `batch` int(11) NOT NULL,
  PRIMARY KEY (`id`)
) ENGINE=InnoDB AUTO_INCREMENT=23 DEFAULT CHARSET=utf8mb4 COLLATE=utf8mb4_unicode_ci;
/*!40101 SET character_set_client = @saved_cs_client */;

--
-- Dumping data for table `migrations`
--

LOCK TABLES `migrations` WRITE;
/*!40000 ALTER TABLE `migrations` DISABLE KEYS */;
INSERT INTO `migrations` VALUES (1,'2014_10_12_100000_create_password_resets_table',1),(2,'2015_08_25_172600_create_settings_table',1),(3,'2015_09_19_191655_setup_countries_table',1),(4,'2015_10_10_170827_create_users_table',1),(5,'2015_10_10_171049_create_social_login_table',1),(6,'2015_12_24_080704_setup_authorization_tables',1),(7,'2015_12_24_152327_create_sessions_table',1),(8,'2015_12_29_224252_create_user_activity_table',1),(9,'2015_12_30_171734_add_foreign_keys',1),(10,'2017_04_13_200254_create_api_tokens_table',1),(11,'2018_01_01_000000_create_action_events_table',2),(12,'2018_09_29_070150_create_schools_table',3),(13,'2018_09_30_021454_rename_postal_field',4),(14,'2018_09_30_023213_add_fields_to_schools',5),(15,'2018_09_30_172412_add_schoolid_field',6),(16,'2018_10_05_165100_create_positions_table',7),(17,'2018_10_05_191545_add_position_to_users',8),(18,'2018_10_21_195340_create_class_table',9),(19,'2018_10_21_230436_create_classrooms_table',10),(20,'2018_10_22_165459_add_teacher_field_user_table',11),(21,'2018_10_23_113820_add_teacherid_to_users',12),(22,'2017_05_09_070343_create_media_tables',13);
/*!40000 ALTER TABLE `migrations` ENABLE KEYS */;
UNLOCK TABLES;

--
-- Table structure for table `password_resets`
--

DROP TABLE IF EXISTS `password_resets`;
/*!40101 SET @saved_cs_client     = @@character_set_client */;
/*!40101 SET character_set_client = utf8 */;
CREATE TABLE `password_resets` (
  `email` varchar(191) COLLATE utf8mb4_unicode_ci NOT NULL,
  `token` varchar(191) COLLATE utf8mb4_unicode_ci NOT NULL,
  `created_at` timestamp NOT NULL DEFAULT CURRENT_TIMESTAMP ON UPDATE CURRENT_TIMESTAMP,
  KEY `password_resets_email_index` (`email`),
  KEY `password_resets_token_index` (`token`)
) ENGINE=InnoDB DEFAULT CHARSET=utf8mb4 COLLATE=utf8mb4_unicode_ci;
/*!40101 SET character_set_client = @saved_cs_client */;

--
-- Dumping data for table `password_resets`
--

LOCK TABLES `password_resets` WRITE;
/*!40000 ALTER TABLE `password_resets` DISABLE KEYS */;
/*!40000 ALTER TABLE `password_resets` ENABLE KEYS */;
UNLOCK TABLES;

--
-- Table structure for table `permission_role`
--

DROP TABLE IF EXISTS `permission_role`;
/*!40101 SET @saved_cs_client     = @@character_set_client */;
/*!40101 SET character_set_client = utf8 */;
CREATE TABLE `permission_role` (
  `permission_id` int(10) unsigned NOT NULL,
  `role_id` int(10) unsigned NOT NULL,
  PRIMARY KEY (`permission_id`,`role_id`),
  KEY `permission_role_role_id_foreign` (`role_id`),
  CONSTRAINT `permission_role_permission_id_foreign` FOREIGN KEY (`permission_id`) REFERENCES `permissions` (`id`) ON DELETE CASCADE ON UPDATE CASCADE,
  CONSTRAINT `permission_role_role_id_foreign` FOREIGN KEY (`role_id`) REFERENCES `roles` (`id`) ON DELETE CASCADE ON UPDATE CASCADE
) ENGINE=InnoDB DEFAULT CHARSET=utf8mb4 COLLATE=utf8mb4_unicode_ci;
/*!40101 SET character_set_client = @saved_cs_client */;

--
-- Dumping data for table `permission_role`
--

LOCK TABLES `permission_role` WRITE;
/*!40000 ALTER TABLE `permission_role` DISABLE KEYS */;
INSERT INTO `permission_role` VALUES (1,1),(2,1),(3,1),(4,1),(5,1),(6,1),(7,1),(9,1),(10,1),(11,1),(12,1),(10,3),(11,3),(10,4),(12,4);
/*!40000 ALTER TABLE `permission_role` ENABLE KEYS */;
UNLOCK TABLES;

--
-- Table structure for table `permissions`
--

DROP TABLE IF EXISTS `permissions`;
/*!40101 SET @saved_cs_client     = @@character_set_client */;
/*!40101 SET character_set_client = utf8 */;
CREATE TABLE `permissions` (
  `id` int(10) unsigned NOT NULL AUTO_INCREMENT,
  `name` varchar(191) COLLATE utf8mb4_unicode_ci NOT NULL,
  `display_name` varchar(191) COLLATE utf8mb4_unicode_ci DEFAULT NULL,
  `description` varchar(191) COLLATE utf8mb4_unicode_ci DEFAULT NULL,
  `removable` tinyint(1) NOT NULL DEFAULT '1',
  `created_at` timestamp NULL DEFAULT NULL,
  `updated_at` timestamp NULL DEFAULT NULL,
  PRIMARY KEY (`id`),
  UNIQUE KEY `permissions_name_unique` (`name`)
) ENGINE=InnoDB AUTO_INCREMENT=13 DEFAULT CHARSET=utf8mb4 COLLATE=utf8mb4_unicode_ci;
/*!40101 SET character_set_client = @saved_cs_client */;

--
-- Dumping data for table `permissions`
--

LOCK TABLES `permissions` WRITE;
/*!40000 ALTER TABLE `permissions` DISABLE KEYS */;
INSERT INTO `permissions` VALUES (1,'users.manage','Manage All Users','Manage users and their sessions.',0,'2018-09-22 05:34:32','2018-11-09 06:55:51'),(2,'users.activity','View Users Activity Log','View activity log for all system users.',0,'2018-09-22 05:34:32','2018-11-09 06:56:14'),(3,'roles.manage','Manage Roles','Manage system roles.',0,'2018-09-22 05:34:32','2018-09-22 05:34:32'),(4,'permissions.manage','Manage Permissions','Manage role permissions.',0,'2018-09-22 05:34:32','2018-09-22 05:34:32'),(5,'settings.general','Update General System Settings','',0,'2018-09-22 05:34:32','2018-09-22 05:34:32'),(6,'settings.auth','Update Authentication Settings','Update authentication and registration system settings.',0,'2018-09-22 05:34:32','2018-09-22 05:34:32'),(7,'settings.notifications','Update Notifications Settings','',0,'2018-09-22 05:34:32','2018-09-22 05:34:32'),(9,'resources.manage','Manage Resources',NULL,1,'2018-09-29 23:59:40','2018-09-29 23:59:40'),(10,'view.filesystem','Manage File System','Add, Remove files from File System',1,'2018-11-02 04:37:34','2018-11-14 18:51:14'),(11,'parents.manage','Manage Parents',NULL,1,'2018-11-07 05:05:31','2018-11-07 05:05:31'),(12,'filesystem.view','View Filesystem','View & access files through the file system. No add, delete.',1,'2018-11-14 18:51:45','2018-11-14 18:51:45');
/*!40000 ALTER TABLE `permissions` ENABLE KEYS */;
UNLOCK TABLES;

--
-- Table structure for table `positions`
--

DROP TABLE IF EXISTS `positions`;
/*!40101 SET @saved_cs_client     = @@character_set_client */;
/*!40101 SET character_set_client = utf8 */;
CREATE TABLE `positions` (
  `id` int(10) unsigned NOT NULL AUTO_INCREMENT,
  `position_id` int(11) NOT NULL,
  `position_title` varchar(191) COLLATE utf8mb4_unicode_ci NOT NULL,
  `position_status` varchar(191) COLLATE utf8mb4_unicode_ci NOT NULL,
  `program_id` int(11) NOT NULL,
  `earnings_code` varchar(191) COLLATE utf8mb4_unicode_ci NOT NULL,
  `district_code_id` varchar(191) COLLATE utf8mb4_unicode_ci NOT NULL,
  `supervisor_id` int(11) DEFAULT NULL,
  `wage_grade` varchar(191) COLLATE utf8mb4_unicode_ci NOT NULL,
  `bc1` varchar(191) COLLATE utf8mb4_unicode_ci DEFAULT NULL,
  `bc2` varchar(191) COLLATE utf8mb4_unicode_ci DEFAULT NULL,
  `created_at` timestamp NULL DEFAULT NULL,
  `updated_at` timestamp NULL DEFAULT NULL,
  PRIMARY KEY (`id`),
  UNIQUE KEY `positions_position_title_unique` (`position_title`)
) ENGINE=InnoDB AUTO_INCREMENT=7411 DEFAULT CHARSET=utf8mb4 COLLATE=utf8mb4_unicode_ci COMMENT='Test';
/*!40101 SET character_set_client = @saved_cs_client */;

--
-- Dumping data for table `positions`
--

LOCK TABLES `positions` WRITE;
/*!40000 ALTER TABLE `positions` DISABLE KEYS */;
INSERT INTO `positions` VALUES (1010,1010,'CABC EXECUTIVE DIRECTOR','A',99,'011REG','ADMIN01',NULL,'','','',NULL,NULL),(1020,1020,'CHIEF FINANCIAL OFFICER','A',99,'011REG','ADMIN01',NULL,'','A','A17',NULL,NULL),(1021,1021,'FISCAL & HR MANAGER','I',99,'011REG','ADMIN01',NULL,'J','A','A17',NULL,NULL),(1022,1022,'FISCAL SPECIALIST','A',99,'011REG','ADMIN01',91,'H','A','A17',NULL,NULL),(1023,1023,'FISCAL ASSISTANT','A',99,'011REG','ADMIN01',91,'G','A','A17',NULL,NULL),(1030,1030,'HUMAN RESOURCES SPECIALIST','A',99,'011REG','HSTART01',NULL,'H','A','A15',NULL,NULL),(1110,1110,'HEAD START DIRECTOR','A',11,'011REG','HSTART01',NULL,'','A','A13',NULL,NULL),(1112,1112,'ADMINISTRATIVE DIVISION ASSISTANT','A',11,'011REG','HSTART01',NULL,'B','A','A16',NULL,NULL),(1114,1114,'INFORMATION SPECIALIST','A',11,'011REG','HSTART01',26,'F','A','A16',NULL,NULL),(1120,1120,'PLANNING & DEVELOPMENT SPECIALIST','A',11,'011REG','HSTART01',NULL,'I','A','A18',NULL,NULL),(1130,1130,'CDE MANAGER','A',11,'011REG','HSTART02',NULL,'J','A','A01',NULL,NULL),(1131,1131,'CDE DIVISION ASSISTANT','A',11,'011REG','HSTART02',NULL,'C','A','A09',NULL,NULL),(1132,1132,'CDE SUPERVISOR','A',11,'011REG','HSTART02',NULL,'I','A','A01',NULL,NULL),(1134,1134,'CDE COACH','A',11,'011REG','HSTART02',NULL,'I','A','A01',NULL,NULL),(1136,1136,'BEHAVIORAL COACH','A',11,'011REG','HSTART02',NULL,'','','A01',NULL,NULL),(1140,1140,'TEACHER','A',11,'011REG','HSTART02',NULL,'','A','A02',NULL,NULL),(1142,1142,'TEACHER ASSISTANT','A',11,'011REG','HSTART02',NULL,'C','A','A05',NULL,NULL),(1143,1143,'TEACHER ASSISTANT/BUS AIDE','A',11,'011REG','HSTART02',NULL,'','','',NULL,NULL),(1144,1144,'ITINERANT TA  SUB','A',11,'011REG','HSTART02',NULL,'C','A','A05',NULL,NULL),(1146,1146,'CSS','A',11,'011REG','HSTART02',NULL,'A','A','A05',NULL,NULL),(1147,1147,'CSS/BUS AIDE','A',11,'011REG','HSTART02',NULL,'','','',NULL,NULL),(1148,1148,'ITINERANT CSS SUB','A',11,'011REG','HSTART02',NULL,'A','A','A05',NULL,NULL),(1149,1149,'HEAD START CLASSROOM  SUB','A',11,'011REG','HSTART02',NULL,'A','A','A05',NULL,NULL),(1150,1150,'HEALTH & DISABILITIES MGR','A',11,'011REG','11',NULL,'I','A','A01',NULL,NULL),(1152,1152,'NURSE','A',11,'011REG','11',NULL,'I','A','A06',NULL,NULL),(1154,1154,'BEHAVIOR RESOURCE SPECIALIST','A',11,'011REG','11',NULL,'G','A','A06',NULL,NULL),(1156,1156,'HEALTH & NUTRITION SPECIALIST','A',11,'011REG','11',26,'H','A','A08',NULL,NULL),(1158,1158,'FOOD SVCS DIVISION ASSISTANT II','A',11,'011REG','11',NULL,'B','A','A08',NULL,NULL),(1159,1159,'FOOD SVCS DIVISION ASSISTANT I','A',11,'011REG','11',NULL,'B','A','A08',NULL,NULL),(1160,1160,'FCP MANAGER','A',11,'011REG','HSTART03',NULL,'J','A','A10',NULL,NULL),(1161,1161,'FCP SUPERVISOR','A',11,'011REG','11',26,'H','A','A11',NULL,NULL),(1162,1162,'FCP DIVISION ASSISTANT','A',11,'011REG','HSTART03',NULL,'C','A','A11',NULL,NULL),(1163,1163,'INTENSIVE CASE MANAGER','A',11,'011REG','HSTART03',36,'HH','A','A11',NULL,NULL),(1164,1164,'CASE MANAGER','A',11,'011REG','HSTART03',26,'H','A','A11',NULL,NULL),(1165,1165,'CASE MANAGER/ERSEA','A',11,'011REG','HSTART03',26,'H','A','A11',NULL,NULL),(1166,1166,'ERSEA SPECIALIST','A',11,'011REG','HSTART03',NULL,'F','A','A11',NULL,NULL),(1168,1168,'RECRUITMENT & OUTREACH ASST','A',11,'011REG','HSTART03',269,'','A','A11',NULL,NULL),(1169,1169,'HEAD START CHILD CARE','A',11,'011REG','HSTART03',NULL,'','A','A11',NULL,NULL),(1171,1171,'FACILITIES DIVISION ASSISTANT','A',11,'011REG','HSTART04',NULL,'H','A','A19',NULL,NULL),(1180,1180,'TRANSPORTATION & FACILITIES MANAGER','A',11,'011REG','HSTART04',NULL,'I','A','A19',NULL,NULL),(1181,1181,'TRANSPORTATION DISPATCHER','A',11,'011REG','HSTART04',NULL,'','A','',NULL,NULL),(1182,1182,'TRANSPORTATION SPECIALIST','A',11,'011REG','11',NULL,'D','A','A20',NULL,NULL),(1183,1183,'BUS DRIVER','A',11,'011REG','11',NULL,'D','A','A20',NULL,NULL),(1184,1184,'BUS DRIVER / FACILITIES ASST','A',11,'011REG','HSTART04',NULL,'A','A','A19',NULL,NULL),(1185,1185,'BUS DRIVER - SUB','A',11,'042TRS','HSTART04',NULL,'','A','A20',NULL,NULL),(1188,1188,'BUS AIDE','A',11,'011REG','11',NULL,'A','A','A20',NULL,NULL),(1189,1189,'BUS AIDE SUB','A',11,'011REG','HSTART04',NULL,'','A','A20',NULL,NULL),(3000,3000,'PRE-K MANAGER','A',30,'011REG','30',NULL,'','','',NULL,NULL),(3005,3005,'PRE-K ADMIN ASSISTANT','A',30,'011REG','30',NULL,'','','',NULL,NULL),(3010,3010,'PRE-K PLANNING SPECIALIST','A',30,'011REG','30',NULL,'','','',NULL,NULL),(3030,3030,'PRE-K TEACHER','A',30,'011REG','30',NULL,'','','',NULL,NULL),(3040,3040,'PRE-K TEACHER ASSISTANT','A',30,'011REG','30',NULL,'','','',NULL,NULL),(3050,3050,'PRE-K BEHAVIOR RESOURCE SPECIALIST','A',30,'011REG','30',NULL,'','','',NULL,NULL),(3060,3060,'PRE-K CLASSROOM SUPPORT STAFF','A',30,'011REG','30',NULL,'','','',NULL,NULL),(3073,3073,'PRE-K NURSE','A',30,'011REG','30',NULL,'','','',NULL,NULL),(3090,3090,'PRE K CLASSROOM SUB','A',30,'011REG','30',NULL,'','','',NULL,NULL),(5300,5300,'TLC PROGRAM DIRECTOR','A',53,'011REG','53',NULL,'','','',NULL,NULL),(5320,5320,'TLC FACILITATOR','A',53,'011REG','53',NULL,'','','',NULL,NULL),(5340,5340,'TLC CHILD CARE','A',53,'502CC','53',NULL,'','','',NULL,NULL),(5420,5420,'ALL STARS FACILITATOR','A',54,'541FAC','54',146,'','','',NULL,NULL),(5430,5430,'ALL STARS FACILITATOR ASSISTANT','A',54,'542FAC','54',146,'','','',NULL,NULL),(6220,6220,'ADULT NETWORKING PARENT EDUCATOR','A',62,'621PED','62',146,'','','',NULL,NULL),(7120,7120,'ADULT NURTURING ADULT FACILITATOR','A',71,'710AFAC','71',NULL,'','','',NULL,NULL),(7140,7140,'ADULT NURTURING CHILD CARE','A',71,'712CC','71',NULL,'','','',NULL,NULL),(7150,7150,'ADULT NURTURING CHILD FACILITATOR','A',71,'711CFAC','71',NULL,'','','',NULL,NULL),(7410,7410,'PARENT CONNECTION FACILITATOR','A',74,'741PFAC','74',146,'','','',NULL,NULL);
/*!40000 ALTER TABLE `positions` ENABLE KEYS */;
UNLOCK TABLES;

--
-- Table structure for table `roles`
--

DROP TABLE IF EXISTS `roles`;
/*!40101 SET @saved_cs_client     = @@character_set_client */;
/*!40101 SET character_set_client = utf8 */;
CREATE TABLE `roles` (
  `id` int(10) unsigned NOT NULL AUTO_INCREMENT,
  `name` varchar(191) COLLATE utf8mb4_unicode_ci NOT NULL,
  `display_name` varchar(191) COLLATE utf8mb4_unicode_ci DEFAULT NULL,
  `description` varchar(191) COLLATE utf8mb4_unicode_ci DEFAULT NULL,
  `removable` tinyint(1) NOT NULL DEFAULT '1',
  `created_at` timestamp NULL DEFAULT NULL,
  `updated_at` timestamp NULL DEFAULT NULL,
  PRIMARY KEY (`id`),
  UNIQUE KEY `roles_name_unique` (`name`)
) ENGINE=InnoDB AUTO_INCREMENT=8 DEFAULT CHARSET=utf8mb4 COLLATE=utf8mb4_unicode_ci;
/*!40101 SET character_set_client = @saved_cs_client */;

--
-- Dumping data for table `roles`
--

LOCK TABLES `roles` WRITE;
/*!40000 ALTER TABLE `roles` DISABLE KEYS */;
INSERT INTO `roles` VALUES (1,'Admin','Admin','System administrator.',0,'2018-09-22 05:34:31','2018-09-22 05:34:31'),(2,'User','User','Default system user.',0,'2018-09-22 05:34:31','2018-09-22 05:34:31'),(3,'Teacher','Teacher','Employee of CABC.',1,'2018-09-29 23:14:32','2018-10-06 15:56:56'),(4,'Board','Board Member','Member of the CABC Board of Directors.',1,'2018-09-29 23:14:55','2018-10-06 15:57:16'),(5,'Parent','Parent','Parent of a CABC Student.',1,'2018-09-29 23:15:14','2018-10-06 15:57:32'),(6,'Employee','Employee','Non-teacher staff position.',1,'2018-11-05 18:47:45','2018-11-05 21:35:39'),(7,'Fiscal','Fiscal Department',NULL,1,'2018-11-05 21:35:18','2018-11-05 21:35:18');
/*!40000 ALTER TABLE `roles` ENABLE KEYS */;
UNLOCK TABLES;

--
-- Table structure for table `sessions`
--

DROP TABLE IF EXISTS `sessions`;
/*!40101 SET @saved_cs_client     = @@character_set_client */;
/*!40101 SET character_set_client = utf8 */;
CREATE TABLE `sessions` (
  `id` varchar(191) COLLATE utf8mb4_unicode_ci NOT NULL,
  `user_id` int(11) DEFAULT NULL,
  `ip_address` varchar(45) COLLATE utf8mb4_unicode_ci DEFAULT NULL,
  `user_agent` text COLLATE utf8mb4_unicode_ci,
  `payload` text COLLATE utf8mb4_unicode_ci NOT NULL,
  `last_activity` int(11) NOT NULL,
  UNIQUE KEY `sessions_id_unique` (`id`)
) ENGINE=InnoDB DEFAULT CHARSET=utf8mb4 COLLATE=utf8mb4_unicode_ci;
/*!40101 SET character_set_client = @saved_cs_client */;

--
-- Dumping data for table `sessions`
--

LOCK TABLES `sessions` WRITE;
/*!40000 ALTER TABLE `sessions` DISABLE KEYS */;
INSERT INTO `sessions` VALUES ('3PydEpLfNPEZLANSdTkWqcQffyZXLTM40Zjz1SMJ',NULL,'85.108.80.151','Mozilla/5.0 (Windows NT 10.0; WOW64) AppleWebKit/537.36 (KHTML, like Gecko) Chrome/51.0.2704.103 Safari/537.36','YTo1OntzOjY6Il90b2tlbiI7czo0MDoiM1MwSlNvWXBxWmc4RVc5NE1tQ2dBT3l5TXZzWG1PV21leTlRQWJNNSI7czozOiJ1cmwiO2E6MTp7czo4OiJpbnRlbmRlZCI7czoyMDoiaHR0cDovLzcyLjI4LjE5OS4yMDAiO31zOjk6Il9wcmV2aW91cyI7YToxOntzOjM6InVybCI7czoyMDoiaHR0cDovLzcyLjI4LjE5OS4yMDAiO31zOjIyOiJQSFBERUJVR0JBUl9TVEFDS19EQVRBIjthOjE6e3M6MzM6IlgzZmJkNjhmZTMxOTA0ZjE5NDVmNzk0ODA1ODQ4YzJmNCI7Tjt9czo2OiJfZmxhc2giO2E6Mjp7czozOiJvbGQiO2E6MDp7fXM6MzoibmV3IjthOjA6e319fQ==',1543705047),('4VnlOG3WiH9FxfOmfBzGoTzohx6U3kmIs9an3Ivs',NULL,'52.8.185.89','Java/1.8.0_191','YTo0OntzOjY6Il90b2tlbiI7czo0MDoiTkRVRE1HNktpMlgyVU14T25pMXVkMHNZMk5oSVVYMWZFbnIwcklvSiI7czozOiJ1cmwiO2E6MTp7czo4OiJpbnRlbmRlZCI7czozMDoiaHR0cDovL2Rhc2hib2FyZC5jYWJjLWJjaHMub3JnIjt9czoyMjoiUEhQREVCVUdCQVJfU1RBQ0tfREFUQSI7YToxOntzOjMzOiJYNzhkMmRkYTMzMDQ4MzRlZGM5MDkyMzNlZjEyMjAwZDgiO047fXM6NjoiX2ZsYXNoIjthOjI6e3M6Mzoib2xkIjthOjA6e31zOjM6Im5ldyI7YTowOnt9fX0=',1543703657),('74CTLX0kuT0qWt2G6SpwnApYcuySlZOyMzskOsp4',NULL,'52.8.185.89','Java/1.8.0_191','YTo0OntzOjY6Il90b2tlbiI7czo0MDoibktTcHVuYnNnbTJlNUJQSmx4Sk82c1ZMblZRYTdtdWtCS3RhblRZRyI7czozOiJ1cmwiO2E6MTp7czo4OiJpbnRlbmRlZCI7czozNjoiaHR0cDovL2Rhc2hib2FyZC5jYWJjLWJjaHMub3JnL21lZGlhIjt9czo5OiJfcHJldmlvdXMiO2E6MTp7czozOiJ1cmwiO3M6MzY6Imh0dHA6Ly9kYXNoYm9hcmQuY2FiYy1iY2hzLm9yZy9sb2dpbiI7fXM6NjoiX2ZsYXNoIjthOjI6e3M6Mzoib2xkIjthOjA6e31zOjM6Im5ldyI7YTowOnt9fX0=',1543703658),('BAQat6TLr9VtD2bbwV1F6ScRTKr1XrdxYxJonGho',NULL,'52.8.185.89','Mozilla/4.0 (compatible; MSIE 7.0; Windows NT 5.1)','YTo1OntzOjY6Il90b2tlbiI7czo0MDoidUw4OTFYM0xhZ3ozVVhxeU5najNwbzZmNkZtWjZINEFkZ2dBbVhUTSI7czozOiJ1cmwiO2E6MTp7czo4OiJpbnRlbmRlZCI7czozNjoiaHR0cDovL2Rhc2hib2FyZC5jYWJjLWJjaHMub3JnL21lZGlhIjt9czo5OiJfcHJldmlvdXMiO2E6MTp7czozOiJ1cmwiO3M6MzY6Imh0dHA6Ly9kYXNoYm9hcmQuY2FiYy1iY2hzLm9yZy9tZWRpYSI7fXM6MjI6IlBIUERFQlVHQkFSX1NUQUNLX0RBVEEiO2E6MTp7czozMzoiWDVmNThkZGI5YTJkMjYzOWIxMTI4NzRjNWVlOTc2YmQ2IjtOO31zOjY6Il9mbGFzaCI7YToyOntzOjM6Im9sZCI7YTowOnt9czozOiJuZXciO2E6MDp7fX19',1543703657),('bjMZi36Lg74dcHjuEbzizcctKHF38vWTraWOFUHI',NULL,'52.8.185.89','Java/1.8.0_191','YTozOntzOjY6Il90b2tlbiI7czo0MDoiTnBEU1dlR0NlM1dBTHMxQlBaRElRQkhpclI4dnhLOTB2MGppZVlYQiI7czoyMjoiUEhQREVCVUdCQVJfU1RBQ0tfREFUQSI7YTowOnt9czo2OiJfZmxhc2giO2E6Mjp7czozOiJvbGQiO2E6MDp7fXM6MzoibmV3IjthOjA6e319fQ==',1543703657),('bRIiy68W3RAv7NNhQ4G6oXYfRihVrqRQSyEIU2Ah',NULL,'60.191.38.77','Mozilla/5.0 (Macintosh; Intel Mac OS X 10.11; rv:47.0) Gecko/20100101 Firefox/47.0','YTo0OntzOjY6Il90b2tlbiI7czo0MDoiRDl6TmtyT3Vid1dJVTdWSFlnNjJaUEVFYU4yRmdNZUQ5blZmTTVjeSI7czo5OiJfcHJldmlvdXMiO2E6MTp7czozOiJ1cmwiO3M6MjY6Imh0dHA6Ly83Mi4yOC4xOTkuMjAwL2xvZ2luIjt9czoyMjoiUEhQREVCVUdCQVJfU1RBQ0tfREFUQSI7YTowOnt9czo2OiJfZmxhc2giO2E6Mjp7czozOiJvbGQiO2E6MDp7fXM6MzoibmV3IjthOjA6e319fQ==',1543698085),('CTBs2Uks8U2Ij3ptHew3qpdQRIJ8XlR9xBnCyQ9v',NULL,'52.8.185.89','Java/1.8.0_191','YTo0OntzOjY6Il90b2tlbiI7czo0MDoiSzFjSFpGWVFja1FQZmVFZnJqNkQ1R0ZkSnZ4WVkzWWJBTGVDeW5UViI7czozOiJ1cmwiO2E6MTp7czo4OiJpbnRlbmRlZCI7czozMDoiaHR0cDovL2Rhc2hib2FyZC5jYWJjLWJjaHMub3JnIjt9czo5OiJfcHJldmlvdXMiO2E6MTp7czozOiJ1cmwiO3M6MzY6Imh0dHA6Ly9kYXNoYm9hcmQuY2FiYy1iY2hzLm9yZy9sb2dpbiI7fXM6NjoiX2ZsYXNoIjthOjI6e3M6Mzoib2xkIjthOjA6e31zOjM6Im5ldyI7YTowOnt9fX0=',1543703658),('E0vRshb9pWHkuTDUlvDCOTOKxa2g6Osl1lvYlzp3',NULL,'52.8.185.89','Java/1.8.0_191','YTozOntzOjY6Il90b2tlbiI7czo0MDoibWg0VkhvNGZnZVVra1llcGRwbEZkV2s0czc3cWl2SWs1NlU5VGtiQyI7czoyMjoiUEhQREVCVUdCQVJfU1RBQ0tfREFUQSI7YTowOnt9czo2OiJfZmxhc2giO2E6Mjp7czozOiJvbGQiO2E6MDp7fXM6MzoibmV3IjthOjA6e319fQ==',1543703657),('k6bbcxJWDv960vADinO2Q4BsEslYlHmo9dKynoZZ',1,'45.125.192.211','Mozilla/5.0 (Windows NT 10.0; Win64; x64) AppleWebKit/537.36 (KHTML, like Gecko) Chrome/70.0.3538.110 Safari/537.36','YTo2OntzOjY6Il90b2tlbiI7czo0MDoiekN5NFhwWEJmUHFNWlMzRXJwaElReWlyOFd3aHE2Q1lmMGZaRk45QiI7czozOiJ1cmwiO2E6MDp7fXM6OToiX3ByZXZpb3VzIjthOjE6e3M6MzoidXJsIjtzOjM2OiJodHRwOi8vZGFzaGJvYXJkLmNhYmMtYmNocy5vcmcvbWVkaWEiO31zOjY6Il9mbGFzaCI7YToyOntzOjM6Im9sZCI7YTowOnt9czozOiJuZXciO2E6MDp7fX1zOjUwOiJsb2dpbl93ZWJfM2RjN2E5MTNlZjVmZDRiODkwZWNhYmUzNDg3MDg1NTczZTE2Y2Y4MiI7aToxO3M6MjI6IlBIUERFQlVHQkFSX1NUQUNLX0RBVEEiO2E6MDp7fX0=',1543704430),('MFypikV6oUuzO7ruwqvQ4vTbDdL1qYwIF0x6Xg5U',NULL,'60.191.38.77','Mozilla/5.0 (Macintosh; Intel Mac OS X 10.11; rv:47.0) Gecko/20100101 Firefox/47.0','YTo1OntzOjY6Il90b2tlbiI7czo0MDoiczdLa2pIZEpDSUlCNlJGRHQ4VEJvdDBoOFRGRnMzbHJJODc1WmVpVyI7czozOiJ1cmwiO2E6MTp7czo4OiJpbnRlbmRlZCI7czoyMDoiaHR0cDovLzcyLjI4LjE5OS4yMDAiO31zOjk6Il9wcmV2aW91cyI7YToxOntzOjM6InVybCI7czoyMDoiaHR0cDovLzcyLjI4LjE5OS4yMDAiO31zOjIyOiJQSFBERUJVR0JBUl9TVEFDS19EQVRBIjthOjE6e3M6MzM6IlgwZjM0YWNiYTQyZWFiMTMzNTg4MDg1NWQyZTEwZDNjMyI7Tjt9czo2OiJfZmxhc2giO2E6Mjp7czozOiJvbGQiO2E6MDp7fXM6MzoibmV3IjthOjA6e319fQ==',1543698084),('ng2EkvYdvJVrtvNBE8rR1TwGFSte9rtrD8GmBMS6',1,'207.255.33.81','Mozilla/5.0 (Macintosh; Intel Mac OS X 10_14_1) AppleWebKit/537.36 (KHTML, like Gecko) Chrome/70.0.3538.110 Safari/537.36','YTo2OntzOjY6Il90b2tlbiI7czo0MDoibEMxOVdIMDZmTmVDaFJBZ0hXTFZHMEFQbFhVN0VaRmVDZFZVQmF0MiI7czozOiJ1cmwiO2E6MDp7fXM6OToiX3ByZXZpb3VzIjthOjE6e3M6MzoidXJsIjtzOjM2OiJodHRwOi8vZGFzaGJvYXJkLmNhYmMtYmNocy5vcmcvbWVkaWEiO31zOjY6Il9mbGFzaCI7YToyOntzOjM6Im9sZCI7YTowOnt9czozOiJuZXciO2E6MDp7fX1zOjUwOiJsb2dpbl93ZWJfM2RjN2E5MTNlZjVmZDRiODkwZWNhYmUzNDg3MDg1NTczZTE2Y2Y4MiI7aToxO3M6MjI6IlBIUERFQlVHQkFSX1NUQUNLX0RBVEEiO2E6MDp7fX0=',1543704050),('rpj4adCatZha0PBY4eDimDhKzOKirTZ6IxURHb1b',NULL,'52.8.185.89','Mozilla/4.0 (compatible; MSIE 7.0; Windows NT 5.1)','YTo0OntzOjY6Il90b2tlbiI7czo0MDoiamFpQUF1ZG5xamdrMm9nTFYydnZpcFp1aEFIWVJVN2pXTWhNaFFEdiI7czo5OiJfcHJldmlvdXMiO2E6MTp7czozOiJ1cmwiO3M6MzY6Imh0dHA6Ly9kYXNoYm9hcmQuY2FiYy1iY2hzLm9yZy9sb2dpbiI7fXM6MjI6IlBIUERFQlVHQkFSX1NUQUNLX0RBVEEiO2E6MDp7fXM6NjoiX2ZsYXNoIjthOjI6e3M6Mzoib2xkIjthOjA6e31zOjM6Im5ldyI7YTowOnt9fX0=',1543703657),('UObhAzS25CnOKr04oWVSVmLYwpx3vgBuo1a9vMus',NULL,'191.205.160.246','Mozilla/5.0 (Macintosh; Intel Mac OS X 10_11_6) AppleWebKit/601.7.7 (KHTML, like Gecko) Version/9.1.2 Safari/601.7.7','YTo1OntzOjY6Il90b2tlbiI7czo0MDoibU81c0hWMWJYdjd1QjhPbEFEU1BMTzJaYUg5aE1KcDhKQUZMcmNiUiI7czozOiJ1cmwiO2E6MTp7czo4OiJpbnRlbmRlZCI7czoyMDoiaHR0cDovLzcyLjI4LjE5OS4yMDAiO31zOjk6Il9wcmV2aW91cyI7YToxOntzOjM6InVybCI7czoyMDoiaHR0cDovLzcyLjI4LjE5OS4yMDAiO31zOjIyOiJQSFBERUJVR0JBUl9TVEFDS19EQVRBIjthOjE6e3M6MzM6IlhlOWQxMjAzMGE0OGVlMGI2Y2E2ZDU1ZTEyYzg4OTkxMyI7Tjt9czo2OiJfZmxhc2giO2E6Mjp7czozOiJvbGQiO2E6MDp7fXM6MzoibmV3IjthOjA6e319fQ==',1543701204),('VoxG2DYEL8Q6ywRgTRC1h6Fk5S8JGtlE13wWmMwQ',NULL,'52.8.185.89','Java/1.8.0_191','YTo0OntzOjY6Il90b2tlbiI7czo0MDoic3VBSFpUbzhVYWdOdDV3TG5OcW5lZFFQUmtYOG9PaFExb1hKeVhEciI7czozOiJ1cmwiO2E6MTp7czo4OiJpbnRlbmRlZCI7czozMDoiaHR0cDovL2Rhc2hib2FyZC5jYWJjLWJjaHMub3JnIjt9czoyMjoiUEhQREVCVUdCQVJfU1RBQ0tfREFUQSI7YToxOntzOjMzOiJYODE3YmU4MzQzMTczMmI2OGZkZDMyN2JmMGNmMzIyYjIiO047fXM6NjoiX2ZsYXNoIjthOjI6e3M6Mzoib2xkIjthOjA6e31zOjM6Im5ldyI7YTowOnt9fX0=',1543703657),('wu9ScJJ5G09TJzXEsXJUXXA71dHTw0BAm3AsdOkw',NULL,'62.173.138.125','python-requests/2.18.4','YTo0OntzOjY6Il90b2tlbiI7czo0MDoiMDJtRVVNcjRrNWFBdTFKbWNGc1JxaXBLSzVoeWtkYWp5MnVNbVZ1cyI7czozOiJ1cmwiO2E6MTp7czo4OiJpbnRlbmRlZCI7czoyMDoiaHR0cDovLzcyLjI4LjE5OS4yMDAiO31zOjk6Il9wcmV2aW91cyI7YToxOntzOjM6InVybCI7czoyNjoiaHR0cDovLzcyLjI4LjE5OS4yMDAvbG9naW4iO31zOjY6Il9mbGFzaCI7YToyOntzOjM6Im9sZCI7YTowOnt9czozOiJuZXciO2E6MDp7fX19',1543697750),('wwe8MWGZXlJzXRROzOWAN3YepP61W0H1fahOv1qR',NULL,'203.128.79.247','Mozilla/5.0 (Windows NT 6.1; WOW64) AppleWebKit/537.36 (KHTML, like Gecko) Chrome/51.0.2704.103 Safari/537.36','YTo1OntzOjY6Il90b2tlbiI7czo0MDoieU5RbWZQd2xJZVZRcWEzWUg0OGl5cTNsV2NZUmsxMzVpZ0sxVGUxWSI7czozOiJ1cmwiO2E6MTp7czo4OiJpbnRlbmRlZCI7czoyMDoiaHR0cDovLzcyLjI4LjE5OS4yMDAiO31zOjk6Il9wcmV2aW91cyI7YToxOntzOjM6InVybCI7czoyMDoiaHR0cDovLzcyLjI4LjE5OS4yMDAiO31zOjIyOiJQSFBERUJVR0JBUl9TVEFDS19EQVRBIjthOjE6e3M6MzM6IlhhMTkwOWY3ZTJmM2FiMjY0NTljNDBmYTQ1YTI5YzNiMiI7Tjt9czo2OiJfZmxhc2giO2E6Mjp7czozOiJvbGQiO2E6MDp7fXM6MzoibmV3IjthOjA6e319fQ==',1543703145),('WyqQKpNH2bv324PxYmsruVY1YzzBHGjBgY4AVZif',NULL,'52.8.185.89','Mozilla/4.0 (compatible; MSIE 7.0; Windows NT 5.1)','YTo0OntzOjY6Il90b2tlbiI7czo0MDoiZVBNM0NnbWxaY05ZVmI1bkFhbkd1cmp6YWJYa1ZTb3lXWnBvNHlmQiI7czo5OiJfcHJldmlvdXMiO2E6MTp7czozOiJ1cmwiO3M6MzY6Imh0dHA6Ly9kYXNoYm9hcmQuY2FiYy1iY2hzLm9yZy9sb2dpbiI7fXM6MjI6IlBIUERFQlVHQkFSX1NUQUNLX0RBVEEiO2E6MDp7fXM6NjoiX2ZsYXNoIjthOjI6e3M6Mzoib2xkIjthOjA6e31zOjM6Im5ldyI7YTowOnt9fX0=',1543703657),('Zpj06hQ6HxxYzPmPMPVK2xtVOv2V44VIpX5wUnIm',NULL,'52.8.185.89','Mozilla/4.0 (compatible; MSIE 7.0; Windows NT 5.1)','YTo1OntzOjY6Il90b2tlbiI7czo0MDoiUE80aWJ1dmRLRVd5MzFPbFE1eEdicm02U1IwQ28wbjgzYTJtdjUxSSI7czozOiJ1cmwiO2E6MTp7czo4OiJpbnRlbmRlZCI7czozMDoiaHR0cDovL2Rhc2hib2FyZC5jYWJjLWJjaHMub3JnIjt9czo5OiJfcHJldmlvdXMiO2E6MTp7czozOiJ1cmwiO3M6MzA6Imh0dHA6Ly9kYXNoYm9hcmQuY2FiYy1iY2hzLm9yZyI7fXM6MjI6IlBIUERFQlVHQkFSX1NUQUNLX0RBVEEiO2E6MTp7czozMzoiWGI0YTMzNTBiNmM1OTllMWFlYWNjM2NkNzJkZDljNTMzIjtOO31zOjY6Il9mbGFzaCI7YToyOntzOjM6Im9sZCI7YTowOnt9czozOiJuZXciO2E6MDp7fX19',1543703657);
/*!40000 ALTER TABLE `sessions` ENABLE KEYS */;
UNLOCK TABLES;

--
-- Table structure for table `settings`
--

DROP TABLE IF EXISTS `settings`;
/*!40101 SET @saved_cs_client     = @@character_set_client */;
/*!40101 SET character_set_client = utf8 */;
CREATE TABLE `settings` (
  `id` int(10) unsigned NOT NULL AUTO_INCREMENT,
  `key` varchar(191) COLLATE utf8mb4_unicode_ci NOT NULL,
  `value` text COLLATE utf8mb4_unicode_ci NOT NULL,
  PRIMARY KEY (`id`),
  KEY `settings_key_index` (`key`)
) ENGINE=InnoDB DEFAULT CHARSET=utf8mb4 COLLATE=utf8mb4_unicode_ci;
/*!40101 SET character_set_client = @saved_cs_client */;

--
-- Dumping data for table `settings`
--

LOCK TABLES `settings` WRITE;
/*!40000 ALTER TABLE `settings` DISABLE KEYS */;
/*!40000 ALTER TABLE `settings` ENABLE KEYS */;
UNLOCK TABLES;

--
-- Table structure for table `social_logins`
--

DROP TABLE IF EXISTS `social_logins`;
/*!40101 SET @saved_cs_client     = @@character_set_client */;
/*!40101 SET character_set_client = utf8 */;
CREATE TABLE `social_logins` (
  `id` int(10) unsigned NOT NULL AUTO_INCREMENT,
  `user_id` int(10) unsigned NOT NULL,
  `provider` varchar(50) COLLATE utf8mb4_unicode_ci NOT NULL,
  `provider_id` varchar(191) COLLATE utf8mb4_unicode_ci NOT NULL,
  `avatar` varchar(191) COLLATE utf8mb4_unicode_ci NOT NULL,
  `created_at` timestamp NOT NULL DEFAULT CURRENT_TIMESTAMP ON UPDATE CURRENT_TIMESTAMP,
  PRIMARY KEY (`id`),
  KEY `social_logins_user_id_foreign` (`user_id`),
  CONSTRAINT `social_logins_user_id_foreign` FOREIGN KEY (`user_id`) REFERENCES `users` (`id`) ON DELETE CASCADE
) ENGINE=InnoDB DEFAULT CHARSET=utf8mb4 COLLATE=utf8mb4_unicode_ci;
/*!40101 SET character_set_client = @saved_cs_client */;

--
-- Dumping data for table `social_logins`
--

LOCK TABLES `social_logins` WRITE;
/*!40000 ALTER TABLE `social_logins` DISABLE KEYS */;
/*!40000 ALTER TABLE `social_logins` ENABLE KEYS */;
UNLOCK TABLES;

--
-- Table structure for table `user_activity`
--

DROP TABLE IF EXISTS `user_activity`;
/*!40101 SET @saved_cs_client     = @@character_set_client */;
/*!40101 SET character_set_client = utf8 */;
CREATE TABLE `user_activity` (
  `id` int(10) unsigned NOT NULL AUTO_INCREMENT,
  `description` text COLLATE utf8mb4_unicode_ci NOT NULL,
  `user_id` int(10) unsigned NOT NULL,
  `ip_address` varchar(45) COLLATE utf8mb4_unicode_ci NOT NULL,
  `user_agent` text COLLATE utf8mb4_unicode_ci NOT NULL,
  `created_at` timestamp NOT NULL DEFAULT CURRENT_TIMESTAMP ON UPDATE CURRENT_TIMESTAMP,
  PRIMARY KEY (`id`),
  KEY `user_activity_user_id_foreign` (`user_id`),
  CONSTRAINT `user_activity_user_id_foreign` FOREIGN KEY (`user_id`) REFERENCES `users` (`id`) ON DELETE CASCADE
) ENGINE=InnoDB AUTO_INCREMENT=337 DEFAULT CHARSET=utf8mb4 COLLATE=utf8mb4_unicode_ci;
/*!40101 SET character_set_client = @saved_cs_client */;

--
-- Dumping data for table `user_activity`
--

LOCK TABLES `user_activity` WRITE;
/*!40000 ALTER TABLE `user_activity` DISABLE KEYS */;
INSERT INTO `user_activity` VALUES (112,'Updated profile details for Tiffany Stevens.',1,'207.255.33.7','Mozilla/5.0 (Macintosh; Intel Mac OS X 10_14_0) AppleWebKit/537.36 (KHTML, like Gecko) Chrome/70.0.3538.77 Safari/537.36','2018-10-28 01:08:46'),(113,'Updated profile details for Donna Morrison.',1,'207.255.33.7','Mozilla/5.0 (Macintosh; Intel Mac OS X 10_14_0) AppleWebKit/537.36 (KHTML, like Gecko) Chrome/70.0.3538.77 Safari/537.36','2018-10-28 01:15:28'),(114,'Updated profile details for Donna Morrison.',1,'207.255.33.7','Mozilla/5.0 (Macintosh; Intel Mac OS X 10_14_0) AppleWebKit/537.36 (KHTML, like Gecko) Chrome/70.0.3538.77 Safari/537.36','2018-10-28 01:15:44'),(115,'Updated profile details for Donna Morrison.',1,'207.255.33.7','Mozilla/5.0 (Macintosh; Intel Mac OS X 10_14_0) AppleWebKit/537.36 (KHTML, like Gecko) Chrome/70.0.3538.77 Safari/537.36','2018-10-28 01:18:47'),(116,'Updated profile details for Donna Morrison.',1,'207.255.33.7','Mozilla/5.0 (Macintosh; Intel Mac OS X 10_14_0) AppleWebKit/537.36 (KHTML, like Gecko) Chrome/70.0.3538.77 Safari/537.36','2018-10-28 01:19:26'),(117,'Updated profile details for Donna Morrison.',1,'207.255.33.7','Mozilla/5.0 (Macintosh; Intel Mac OS X 10_14_0) AppleWebKit/537.36 (KHTML, like Gecko) Chrome/70.0.3538.77 Safari/537.36','2018-10-28 01:19:43'),(118,'Updated profile details for Donna Morrison.',1,'207.255.33.7','Mozilla/5.0 (Macintosh; Intel Mac OS X 10_14_0) AppleWebKit/537.36 (KHTML, like Gecko) Chrome/70.0.3538.77 Safari/537.36','2018-10-28 01:20:19'),(119,'Updated profile details for Donna Morrison.',1,'207.255.33.7','Mozilla/5.0 (Macintosh; Intel Mac OS X 10_14_0) AppleWebKit/537.36 (KHTML, like Gecko) Chrome/70.0.3538.77 Safari/537.36','2018-10-28 01:24:07'),(120,'Updated profile details for Tiffany Stevens.',1,'207.255.33.7','Mozilla/5.0 (Macintosh; Intel Mac OS X 10_14_0) AppleWebKit/537.36 (KHTML, like Gecko) Chrome/70.0.3538.77 Safari/537.36','2018-10-28 01:25:22'),(121,'Updated profile details for Tiffany Stevens.',1,'207.255.33.7','Mozilla/5.0 (Macintosh; Intel Mac OS X 10_14_0) AppleWebKit/537.36 (KHTML, like Gecko) Chrome/70.0.3538.77 Safari/537.36','2018-10-28 01:27:04'),(122,'Updated profile details for Tiffany Stevens.',1,'207.255.33.7','Mozilla/5.0 (Macintosh; Intel Mac OS X 10_14_0) AppleWebKit/537.36 (KHTML, like Gecko) Chrome/70.0.3538.77 Safari/537.36','2018-10-28 01:27:50'),(123,'Updated profile details for Tiffany Stevens.',1,'207.255.33.7','Mozilla/5.0 (Macintosh; Intel Mac OS X 10_14_0) AppleWebKit/537.36 (KHTML, like Gecko) Chrome/70.0.3538.77 Safari/537.36','2018-10-28 01:29:03'),(124,'Updated profile details for Tiffany Stevens.',1,'207.255.33.7','Mozilla/5.0 (Macintosh; Intel Mac OS X 10_14_0) AppleWebKit/537.36 (KHTML, like Gecko) Chrome/70.0.3538.77 Safari/537.36','2018-10-28 01:29:40'),(125,'Updated profile details for Tiffany Stevens.',1,'207.255.33.7','Mozilla/5.0 (Macintosh; Intel Mac OS X 10_14_0) AppleWebKit/537.36 (KHTML, like Gecko) Chrome/70.0.3538.77 Safari/537.36','2018-10-28 01:29:53'),(126,'Updated profile details for Tiffany Stevens.',1,'207.255.33.7','Mozilla/5.0 (Macintosh; Intel Mac OS X 10_14_0) AppleWebKit/537.36 (KHTML, like Gecko) Chrome/70.0.3538.77 Safari/537.36','2018-10-28 01:30:18'),(127,'Updated profile details for Tiffany Stevens.',1,'207.255.33.7','Mozilla/5.0 (Macintosh; Intel Mac OS X 10_14_0) AppleWebKit/537.36 (KHTML, like Gecko) Chrome/70.0.3538.77 Safari/537.36','2018-10-28 01:31:27'),(128,'Updated profile details for Tiffany Stevens.',1,'207.255.33.7','Mozilla/5.0 (Macintosh; Intel Mac OS X 10_14_0) AppleWebKit/537.36 (KHTML, like Gecko) Chrome/70.0.3538.77 Safari/537.36','2018-10-28 01:34:02'),(129,'Updated profile details for Tiffany Stevens.',1,'207.255.33.7','Mozilla/5.0 (Macintosh; Intel Mac OS X 10_14_0) AppleWebKit/537.36 (KHTML, like Gecko) Chrome/70.0.3538.77 Safari/537.36','2018-10-28 01:34:44'),(130,'Updated profile details for Donna Morrison.',1,'207.255.33.7','Mozilla/5.0 (Macintosh; Intel Mac OS X 10_14_0) AppleWebKit/537.36 (KHTML, like Gecko) Chrome/70.0.3538.77 Safari/537.36','2018-10-28 01:36:46'),(131,'Updated profile details for Donna Morrison.',1,'207.255.33.7','Mozilla/5.0 (Macintosh; Intel Mac OS X 10_14_0) AppleWebKit/537.36 (KHTML, like Gecko) Chrome/70.0.3538.77 Safari/537.36','2018-10-28 01:38:35'),(132,'Logged in.',1,'207.255.33.7','Mozilla/5.0 (Macintosh; Intel Mac OS X 10_14_0) AppleWebKit/537.36 (KHTML, like Gecko) Chrome/70.0.3538.77 Safari/537.36','2018-10-28 13:33:03'),(133,'Logged in.',1,'207.255.33.7','Mozilla/5.0 (Macintosh; Intel Mac OS X 10_14_0) AppleWebKit/537.36 (KHTML, like Gecko) Chrome/70.0.3538.77 Safari/537.36','2018-10-28 16:08:20'),(134,'Logged in.',1,'207.255.33.7','Mozilla/5.0 (Macintosh; Intel Mac OS X 10_14_0) AppleWebKit/537.36 (KHTML, like Gecko) Chrome/70.0.3538.77 Safari/537.36','2018-10-28 18:17:10'),(135,'Logged in.',1,'207.255.33.7','Mozilla/5.0 (Macintosh; Intel Mac OS X 10_14) AppleWebKit/605.1.15 (KHTML, like Gecko) Version/12.0 Safari/605.1.15','2018-10-29 05:44:23'),(136,'Logged in.',1,'207.255.33.7','Mozilla/5.0 (Macintosh; Intel Mac OS X 10_14_0) AppleWebKit/537.36 (KHTML, like Gecko) Chrome/70.0.3538.77 Safari/537.36','2018-11-01 20:35:52'),(137,'Logged in.',1,'207.255.33.7','Mozilla/5.0 (Macintosh; Intel Mac OS X 10_14_0) AppleWebKit/537.36 (KHTML, like Gecko) Chrome/70.0.3538.77 Safari/537.36','2018-11-02 02:28:18'),(138,'Deleted permission named Manage Schools.',1,'207.255.33.7','Mozilla/5.0 (Macintosh; Intel Mac OS X 10_14_0) AppleWebKit/537.36 (KHTML, like Gecko) Chrome/70.0.3538.77 Safari/537.36','2018-11-02 04:35:45'),(139,'Created new permission called View File System.',1,'207.255.33.7','Mozilla/5.0 (Macintosh; Intel Mac OS X 10_14_0) AppleWebKit/537.36 (KHTML, like Gecko) Chrome/70.0.3538.77 Safari/537.36','2018-11-02 04:37:34'),(140,'Updated role permissions.',1,'207.255.33.7','Mozilla/5.0 (Macintosh; Intel Mac OS X 10_14_0) AppleWebKit/537.36 (KHTML, like Gecko) Chrome/70.0.3538.77 Safari/537.36','2018-11-02 04:37:39'),(141,'Updated role permissions.',1,'207.255.33.7','Mozilla/5.0 (Macintosh; Intel Mac OS X 10_14_0) AppleWebKit/537.36 (KHTML, like Gecko) Chrome/70.0.3538.77 Safari/537.36','2018-11-02 04:38:33'),(142,'Updated role permissions.',1,'207.255.33.7','Mozilla/5.0 (Macintosh; Intel Mac OS X 10_14_0) AppleWebKit/537.36 (KHTML, like Gecko) Chrome/70.0.3538.77 Safari/537.36','2018-11-02 04:38:36'),(143,'Logged out.',1,'207.255.33.7','Mozilla/5.0 (Macintosh; Intel Mac OS X 10_14_0) AppleWebKit/537.36 (KHTML, like Gecko) Chrome/70.0.3538.77 Safari/537.36','2018-11-02 04:38:46'),(144,'Logged in.',1,'207.255.33.7','Mozilla/5.0 (Macintosh; Intel Mac OS X 10_14_0) AppleWebKit/537.36 (KHTML, like Gecko) Chrome/70.0.3538.77 Safari/537.36','2018-11-02 04:38:48'),(145,'Logged in.',1,'207.255.33.7','Mozilla/5.0 (iPad; CPU OS 12_0_1 like Mac OS X) AppleWebKit/605.1.15 (KHTML, like Gecko) Version/12.0 Mobile/15E148 Safari/604.1','2018-11-02 05:22:04'),(146,'Logged out.',1,'207.255.33.7','Mozilla/5.0 (Macintosh; Intel Mac OS X 10_14_0) AppleWebKit/537.36 (KHTML, like Gecko) Chrome/70.0.3538.77 Safari/537.36','2018-11-02 05:35:00'),(147,'Logged in.',1,'207.255.33.7','Mozilla/5.0 (Macintosh; Intel Mac OS X 10_14_0) AppleWebKit/537.36 (KHTML, like Gecko) Chrome/70.0.3538.77 Safari/537.36','2018-11-02 05:35:20'),(148,'Updated role permissions.',1,'207.255.33.7','Mozilla/5.0 (Macintosh; Intel Mac OS X 10_14_0) AppleWebKit/537.36 (KHTML, like Gecko) Chrome/70.0.3538.77 Safari/537.36','2018-11-02 05:36:30'),(149,'Updated role permissions.',1,'207.255.33.7','Mozilla/5.0 (Macintosh; Intel Mac OS X 10_14_0) AppleWebKit/537.36 (KHTML, like Gecko) Chrome/70.0.3538.77 Safari/537.36','2018-11-02 05:36:33'),(150,'Logged in.',1,'107.77.106.48','Mozilla/5.0 (Macintosh; Intel Mac OS X 10_14_0) AppleWebKit/537.36 (KHTML, like Gecko) Chrome/70.0.3538.77 Safari/537.36','2018-11-02 14:16:22'),(151,'Logged in.',1,'107.77.106.48','Mozilla/5.0 (Macintosh; Intel Mac OS X 10_14) AppleWebKit/605.1.15 (KHTML, like Gecko) Version/12.0 Safari/605.1.15','2018-11-02 14:16:59'),(152,'Logged in.',1,'107.77.106.48','Mozilla/5.0 (Macintosh; Intel Mac OS X 10_14_0) AppleWebKit/537.36 (KHTML, like Gecko) Chrome/70.0.3538.77 Safari/537.36','2018-11-02 14:17:39'),(153,'Logged in.',1,'107.77.70.125','Mozilla/5.0 (iPad; CPU OS 12_0_1 like Mac OS X) AppleWebKit/605.1.15 (KHTML, like Gecko) Version/12.0 Mobile/15E148 Safari/604.1','2018-11-02 15:27:46'),(154,'Logged in.',1,'207.255.33.7','Mozilla/5.0 (Macintosh; Intel Mac OS X 10_14_0) AppleWebKit/537.36 (KHTML, like Gecko) Chrome/70.0.3538.77 Safari/537.36','2018-11-04 04:57:01'),(155,'Logged in.',1,'207.255.33.7','Mozilla/5.0 (Macintosh; Intel Mac OS X 10_14_0) AppleWebKit/537.36 (KHTML, like Gecko) Chrome/70.0.3538.77 Safari/537.36','2018-11-04 06:07:24'),(156,'Started impersonating user Winnie Kashtock (ID: 24)',1,'207.255.33.7','Mozilla/5.0 (Macintosh; Intel Mac OS X 10_14_0) AppleWebKit/537.36 (KHTML, like Gecko) Chrome/70.0.3538.77 Safari/537.36','2018-11-04 07:30:32'),(157,'Stopped impersonating user Winnie Kashtock (ID: 24)',1,'207.255.33.7','Mozilla/5.0 (Macintosh; Intel Mac OS X 10_14_0) AppleWebKit/537.36 (KHTML, like Gecko) Chrome/70.0.3538.77 Safari/537.36','2018-11-04 07:30:36'),(158,'Started impersonating user Tiffany Stevens (ID: 22)',1,'207.255.33.7','Mozilla/5.0 (Macintosh; Intel Mac OS X 10_14_0) AppleWebKit/537.36 (KHTML, like Gecko) Chrome/70.0.3538.77 Safari/537.36','2018-11-04 07:34:12'),(159,'Stopped impersonating user Tiffany Stevens (ID: 22)',1,'207.255.33.7','Mozilla/5.0 (Macintosh; Intel Mac OS X 10_14_0) AppleWebKit/537.36 (KHTML, like Gecko) Chrome/70.0.3538.77 Safari/537.36','2018-11-04 07:34:20'),(160,'Logged in.',1,'207.255.33.7','Mozilla/5.0 (Macintosh; Intel Mac OS X 10_14) AppleWebKit/605.1.15 (KHTML, like Gecko) Version/12.0 Safari/605.1.15','2018-11-04 07:39:27'),(161,'Logged in.',1,'207.255.33.7','Mozilla/5.0 (Macintosh; Intel Mac OS X 10_14_0) AppleWebKit/537.36 (KHTML, like Gecko) Chrome/70.0.3538.77 Safari/537.36','2018-11-04 14:05:23'),(162,'Started impersonating user Donna Morrison (ID: 23)',1,'207.255.33.7','Mozilla/5.0 (Macintosh; Intel Mac OS X 10_14_0) AppleWebKit/537.36 (KHTML, like Gecko) Chrome/70.0.3538.77 Safari/537.36','2018-11-04 14:05:34'),(163,'Stopped impersonating user Donna Morrison (ID: 23)',1,'207.255.33.7','Mozilla/5.0 (Macintosh; Intel Mac OS X 10_14_0) AppleWebKit/537.36 (KHTML, like Gecko) Chrome/70.0.3538.77 Safari/537.36','2018-11-04 14:05:38'),(164,'Started impersonating user Donna Morrison (ID: 23)',1,'207.255.33.7','Mozilla/5.0 (Macintosh; Intel Mac OS X 10_14_0) AppleWebKit/537.36 (KHTML, like Gecko) Chrome/70.0.3538.77 Safari/537.36','2018-11-04 14:44:43'),(165,'Stopped impersonating user Donna Morrison (ID: 23)',1,'207.255.33.7','Mozilla/5.0 (Macintosh; Intel Mac OS X 10_14_0) AppleWebKit/537.36 (KHTML, like Gecko) Chrome/70.0.3538.77 Safari/537.36','2018-11-04 14:44:46'),(166,'Logged out.',1,'207.255.33.7','Mozilla/5.0 (Macintosh; Intel Mac OS X 10_14_0) AppleWebKit/537.36 (KHTML, like Gecko) Chrome/70.0.3538.77 Safari/537.36','2018-11-04 16:20:56'),(167,'Logged in.',1,'207.255.33.7','Mozilla/5.0 (Macintosh; Intel Mac OS X 10_14_0) AppleWebKit/537.36 (KHTML, like Gecko) Chrome/70.0.3538.77 Safari/537.36','2018-11-04 16:31:33'),(168,'Started impersonating user Winnie Kashtock (ID: 24)',1,'207.255.33.7','Mozilla/5.0 (Macintosh; Intel Mac OS X 10_14_0) AppleWebKit/537.36 (KHTML, like Gecko) Chrome/70.0.3538.77 Safari/537.36','2018-11-04 16:36:48'),(169,'Stopped impersonating user Winnie Kashtock (ID: 24)',1,'207.255.33.7','Mozilla/5.0 (Macintosh; Intel Mac OS X 10_14_0) AppleWebKit/537.36 (KHTML, like Gecko) Chrome/70.0.3538.77 Safari/537.36','2018-11-04 16:36:58'),(170,'Started impersonating user Donna Morrison (ID: 23)',1,'207.255.33.7','Mozilla/5.0 (Macintosh; Intel Mac OS X 10_14_0) AppleWebKit/537.36 (KHTML, like Gecko) Chrome/70.0.3538.77 Safari/537.36','2018-11-04 16:44:51'),(171,'Stopped impersonating user Donna Morrison (ID: 23)',1,'207.255.33.7','Mozilla/5.0 (Macintosh; Intel Mac OS X 10_14_0) AppleWebKit/537.36 (KHTML, like Gecko) Chrome/70.0.3538.77 Safari/537.36','2018-11-04 16:45:27'),(172,'Updated role permissions.',1,'207.255.33.7','Mozilla/5.0 (Macintosh; Intel Mac OS X 10_14_0) AppleWebKit/537.36 (KHTML, like Gecko) Chrome/70.0.3538.77 Safari/537.36','2018-11-04 16:45:53'),(173,'Started impersonating user Donna Morrison (ID: 23)',1,'207.255.33.7','Mozilla/5.0 (Macintosh; Intel Mac OS X 10_14_0) AppleWebKit/537.36 (KHTML, like Gecko) Chrome/70.0.3538.77 Safari/537.36','2018-11-04 16:46:02'),(174,'Stopped impersonating user Donna Morrison (ID: 23)',1,'207.255.33.7','Mozilla/5.0 (Macintosh; Intel Mac OS X 10_14_0) AppleWebKit/537.36 (KHTML, like Gecko) Chrome/70.0.3538.77 Safari/537.36','2018-11-04 16:46:13'),(175,'Logged out.',1,'207.255.33.7','Mozilla/5.0 (Macintosh; Intel Mac OS X 10_14_0) AppleWebKit/537.36 (KHTML, like Gecko) Chrome/70.0.3538.77 Safari/537.36','2018-11-04 16:46:16'),(176,'Logged in.',1,'207.255.33.7','Mozilla/5.0 (Macintosh; Intel Mac OS X 10_14_0) AppleWebKit/537.36 (KHTML, like Gecko) Chrome/70.0.3538.77 Safari/537.36','2018-11-04 16:48:30'),(177,'Started impersonating user Winnie Kashtock (ID: 24)',1,'207.255.33.7','Mozilla/5.0 (Macintosh; Intel Mac OS X 10_14_0) AppleWebKit/537.36 (KHTML, like Gecko) Chrome/70.0.3538.77 Safari/537.36','2018-11-04 16:49:21'),(178,'Stopped impersonating user Winnie Kashtock (ID: 24)',1,'207.255.33.7','Mozilla/5.0 (Macintosh; Intel Mac OS X 10_14_0) AppleWebKit/537.36 (KHTML, like Gecko) Chrome/70.0.3538.77 Safari/537.36','2018-11-04 16:49:33'),(179,'Started impersonating user Donna Morrison (ID: 23)',1,'207.255.33.7','Mozilla/5.0 (Macintosh; Intel Mac OS X 10_14_0) AppleWebKit/537.36 (KHTML, like Gecko) Chrome/70.0.3538.77 Safari/537.36','2018-11-04 17:00:54'),(180,'Stopped impersonating user Donna Morrison (ID: 23)',1,'207.255.33.7','Mozilla/5.0 (Macintosh; Intel Mac OS X 10_14_0) AppleWebKit/537.36 (KHTML, like Gecko) Chrome/70.0.3538.77 Safari/537.36','2018-11-04 17:01:12'),(181,'Started impersonating user Donna Morrison (ID: 23)',1,'207.255.33.7','Mozilla/5.0 (Macintosh; Intel Mac OS X 10_14_0) AppleWebKit/537.36 (KHTML, like Gecko) Chrome/70.0.3538.77 Safari/537.36','2018-11-04 17:11:27'),(182,'Stopped impersonating user Donna Morrison (ID: 23)',1,'207.255.33.7','Mozilla/5.0 (Macintosh; Intel Mac OS X 10_14_0) AppleWebKit/537.36 (KHTML, like Gecko) Chrome/70.0.3538.77 Safari/537.36','2018-11-04 17:11:30'),(183,'Logged in.',1,'207.255.33.7','Mozilla/5.0 (iPad; CPU OS 12_0_1 like Mac OS X) AppleWebKit/605.1.15 (KHTML, like Gecko) Version/12.0 Mobile/15E148 Safari/604.1','2018-11-04 17:51:59'),(184,'Started impersonating user Donna Morrison (ID: 23)',1,'207.255.33.7','Mozilla/5.0 (iPad; CPU OS 12_0_1 like Mac OS X) AppleWebKit/605.1.15 (KHTML, like Gecko) Version/12.0 Mobile/15E148 Safari/604.1','2018-11-04 17:52:26'),(185,'Stopped impersonating user Donna Morrison (ID: 23)',1,'207.255.33.7','Mozilla/5.0 (iPad; CPU OS 12_0_1 like Mac OS X) AppleWebKit/605.1.15 (KHTML, like Gecko) Version/12.0 Mobile/15E148 Safari/604.1','2018-11-04 17:52:31'),(186,'Started impersonating user Winnie Kashtock (ID: 24)',1,'107.77.106.19','Mozilla/5.0 (iPad; CPU OS 12_0_1 like Mac OS X) AppleWebKit/605.1.15 (KHTML, like Gecko) Version/12.0 Mobile/15E148 Safari/604.1','2018-11-04 18:10:47'),(187,'Stopped impersonating user Winnie Kashtock (ID: 24)',1,'107.77.106.19','Mozilla/5.0 (iPad; CPU OS 12_0_1 like Mac OS X) AppleWebKit/605.1.15 (KHTML, like Gecko) Version/12.0 Mobile/15E148 Safari/604.1','2018-11-04 18:10:51'),(188,'Logged in.',1,'207.255.33.7','Mozilla/5.0 (Macintosh; Intel Mac OS X 10_14_0) AppleWebKit/537.36 (KHTML, like Gecko) Chrome/70.0.3538.77 Safari/537.36','2018-11-04 19:15:02'),(189,'Logged in.',1,'107.77.106.19','Mozilla/5.0 (iPad; CPU OS 12_0_1 like Mac OS X) AppleWebKit/605.1.15 (KHTML, like Gecko) Version/12.0 Mobile/15E148 Safari/604.1','2018-11-04 21:39:24'),(190,'Started impersonating user   (ID: 25)',1,'107.77.106.19','Mozilla/5.0 (iPad; CPU OS 12_0_1 like Mac OS X) AppleWebKit/605.1.15 (KHTML, like Gecko) Version/12.0 Mobile/15E148 Safari/604.1','2018-11-04 21:39:43'),(191,'Stopped impersonating user   (ID: 25)',1,'107.77.106.19','Mozilla/5.0 (iPad; CPU OS 12_0_1 like Mac OS X) AppleWebKit/605.1.15 (KHTML, like Gecko) Version/12.0 Mobile/15E148 Safari/604.1','2018-11-04 21:40:35'),(192,'Updated profile details for levibeers@hotmail.com.',1,'107.77.106.19','Mozilla/5.0 (iPad; CPU OS 12_0_1 like Mac OS X) AppleWebKit/605.1.15 (KHTML, like Gecko) Version/12.0 Mobile/15E148 Safari/604.1','2018-11-04 21:41:16'),(193,'Started impersonating user   (ID: 25)',1,'107.77.106.19','Mozilla/5.0 (iPad; CPU OS 12_0_1 like Mac OS X) AppleWebKit/605.1.15 (KHTML, like Gecko) Version/12.0 Mobile/15E148 Safari/604.1','2018-11-04 21:41:23'),(195,'Stopped impersonating user   (ID: 25)',1,'107.77.106.19','Mozilla/5.0 (iPad; CPU OS 12_0_1 like Mac OS X) AppleWebKit/605.1.15 (KHTML, like Gecko) Version/12.0 Mobile/15E148 Safari/604.1','2018-11-04 21:42:40'),(196,'Updated profile details for levibeers@hotmail.com.',1,'107.77.106.19','Mozilla/5.0 (iPad; CPU OS 12_0_1 like Mac OS X) AppleWebKit/605.1.15 (KHTML, like Gecko) Version/12.0 Mobile/15E148 Safari/604.1','2018-11-04 21:43:59'),(197,'Updated profile details for levibeers@hotmail.com.',1,'107.77.106.19','Mozilla/5.0 (iPad; CPU OS 12_0_1 like Mac OS X) AppleWebKit/605.1.15 (KHTML, like Gecko) Version/12.0 Mobile/15E148 Safari/604.1','2018-11-04 21:44:08'),(198,'Logged in.',1,'207.255.33.7','Mozilla/5.0 (Macintosh; Intel Mac OS X 10_14_0) AppleWebKit/537.36 (KHTML, like Gecko) Chrome/70.0.3538.77 Safari/537.36','2018-11-05 01:20:53'),(199,'Logged in.',1,'207.255.33.7','Mozilla/5.0 (Macintosh; Intel Mac OS X 10_14_0) AppleWebKit/537.36 (KHTML, like Gecko) Chrome/70.0.3538.77 Safari/537.36','2018-11-05 04:27:10'),(200,'Updated profile details for levibeers@hotmail.com.',1,'207.255.33.7','Mozilla/5.0 (Macintosh; Intel Mac OS X 10_14_0) AppleWebKit/537.36 (KHTML, like Gecko) Chrome/70.0.3538.77 Safari/537.36','2018-11-05 05:05:34'),(201,'Started impersonating user Levi Beers (ID: 25)',1,'207.255.33.7','Mozilla/5.0 (Macintosh; Intel Mac OS X 10_14_0) AppleWebKit/537.36 (KHTML, like Gecko) Chrome/70.0.3538.77 Safari/537.36','2018-11-05 06:08:59'),(202,'Stopped impersonating user Levi Beers (ID: 25)',1,'207.255.33.7','Mozilla/5.0 (Macintosh; Intel Mac OS X 10_14_0) AppleWebKit/537.36 (KHTML, like Gecko) Chrome/70.0.3538.77 Safari/537.36','2018-11-05 06:09:01'),(203,'Started impersonating user Winnie Kashtock (ID: 24)',1,'207.255.33.7','Mozilla/5.0 (Macintosh; Intel Mac OS X 10_14_0) AppleWebKit/537.36 (KHTML, like Gecko) Chrome/70.0.3538.77 Safari/537.36','2018-11-05 07:11:53'),(204,'Stopped impersonating user Winnie Kashtock (ID: 24)',1,'207.255.33.7','Mozilla/5.0 (Macintosh; Intel Mac OS X 10_14_0) AppleWebKit/537.36 (KHTML, like Gecko) Chrome/70.0.3538.77 Safari/537.36','2018-11-05 07:11:55'),(205,'Logged out.',1,'207.255.33.7','Mozilla/5.0 (Macintosh; Intel Mac OS X 10_14_0) AppleWebKit/537.36 (KHTML, like Gecko) Chrome/70.0.3538.77 Safari/537.36','2018-11-05 07:19:01'),(206,'Logged in.',1,'207.255.33.7','Mozilla/5.0 (Macintosh; Intel Mac OS X 10_14_0) AppleWebKit/537.36 (KHTML, like Gecko) Chrome/70.0.3538.77 Safari/537.36','2018-11-05 07:27:45'),(207,'Started impersonating user Eric Baldi (ID: 26)',1,'207.255.33.7','Mozilla/5.0 (Macintosh; Intel Mac OS X 10_14_0) AppleWebKit/537.36 (KHTML, like Gecko) Chrome/70.0.3538.77 Safari/537.36','2018-11-05 07:28:28'),(208,'Stopped impersonating user Eric Baldi (ID: 26)',1,'207.255.33.7','Mozilla/5.0 (Macintosh; Intel Mac OS X 10_14_0) AppleWebKit/537.36 (KHTML, like Gecko) Chrome/70.0.3538.77 Safari/537.36','2018-11-05 07:28:37'),(209,'Started impersonating user Tiffany Stevens (ID: 22)',1,'207.255.33.7','Mozilla/5.0 (Macintosh; Intel Mac OS X 10_14_0) AppleWebKit/537.36 (KHTML, like Gecko) Chrome/70.0.3538.77 Safari/537.36','2018-11-05 07:29:50'),(210,'Stopped impersonating user Tiffany Stevens (ID: 22)',1,'207.255.33.7','Mozilla/5.0 (Macintosh; Intel Mac OS X 10_14_0) AppleWebKit/537.36 (KHTML, like Gecko) Chrome/70.0.3538.77 Safari/537.36','2018-11-05 07:29:59'),(211,'Started impersonating user Levi Beers (ID: 25)',1,'207.255.33.7','Mozilla/5.0 (Macintosh; Intel Mac OS X 10_14_0) AppleWebKit/537.36 (KHTML, like Gecko) Chrome/70.0.3538.77 Safari/537.36','2018-11-05 07:30:06'),(212,'Stopped impersonating user Levi Beers (ID: 25)',1,'207.255.33.7','Mozilla/5.0 (Macintosh; Intel Mac OS X 10_14_0) AppleWebKit/537.36 (KHTML, like Gecko) Chrome/70.0.3538.77 Safari/537.36','2018-11-05 07:30:13'),(213,'Logged in.',1,'207.255.1.210','Mozilla/5.0 (Macintosh; Intel Mac OS X 10_14) AppleWebKit/605.1.15 (KHTML, like Gecko) Version/12.0 Safari/605.1.15','2018-11-05 15:06:21'),(214,'Started impersonating user Eric Baldi (ID: 26)',1,'207.255.1.210','Mozilla/5.0 (Macintosh; Intel Mac OS X 10_14) AppleWebKit/605.1.15 (KHTML, like Gecko) Version/12.0 Safari/605.1.15','2018-11-05 17:47:25'),(215,'Stopped impersonating user Eric Baldi (ID: 26)',1,'207.255.1.210','Mozilla/5.0 (Macintosh; Intel Mac OS X 10_14) AppleWebKit/605.1.15 (KHTML, like Gecko) Version/12.0 Safari/605.1.15','2018-11-05 17:47:30'),(216,'Logged out.',1,'207.255.1.210','Mozilla/5.0 (Macintosh; Intel Mac OS X 10_14) AppleWebKit/605.1.15 (KHTML, like Gecko) Version/12.0 Safari/605.1.15','2018-11-05 17:47:59'),(217,'Logged in.',1,'107.77.70.78','Mozilla/5.0 (iPad; CPU OS 12_1 like Mac OS X) AppleWebKit/605.1.15 (KHTML, like Gecko) Version/12.0 Mobile/15E148 Safari/604.1','2018-11-05 18:23:06'),(218,'Logged in.',1,'192.168.0.51','Mozilla/5.0 (Windows NT 6.1; WOW64; Trident/7.0; rv:11.0) like Gecko','2018-11-05 18:26:25'),(219,'Logged in.',1,'192.168.0.51','Mozilla/5.0 (Windows NT 6.1; Win64; x64) AppleWebKit/537.36 (KHTML, like Gecko) Chrome/70.0.3538.77 Safari/537.36','2018-11-05 18:27:13'),(220,'Logged in.',1,'10.255.13.123','Mozilla/5.0 (Macintosh; Intel Mac OS X 10_14) AppleWebKit/605.1.15 (KHTML, like Gecko) Version/12.0 Safari/605.1.15','2018-11-05 18:38:12'),(221,'Started impersonating user Eric Baldi (ID: 26)',1,'192.168.0.51','Mozilla/5.0 (Windows NT 6.1; Win64; x64) AppleWebKit/537.36 (KHTML, like Gecko) Chrome/70.0.3538.77 Safari/537.36','2018-11-05 18:39:35'),(222,'Stopped impersonating user Eric Baldi (ID: 26)',1,'192.168.0.51','Mozilla/5.0 (Windows NT 6.1; Win64; x64) AppleWebKit/537.36 (KHTML, like Gecko) Chrome/70.0.3538.77 Safari/537.36','2018-11-05 18:39:46'),(223,'Created new role called Employee.',1,'10.255.13.123','Mozilla/5.0 (Macintosh; Intel Mac OS X 10_14) AppleWebKit/605.1.15 (KHTML, like Gecko) Version/12.0 Safari/605.1.15','2018-11-05 18:47:45'),(224,'Logged out.',1,'192.168.0.51','Mozilla/5.0 (Windows NT 6.1; Win64; x64) AppleWebKit/537.36 (KHTML, like Gecko) Chrome/70.0.3538.77 Safari/537.36','2018-11-05 19:20:59'),(225,'Logged in.',28,'192.168.0.51','Mozilla/5.0 (Windows NT 6.1; Win64; x64) AppleWebKit/537.36 (KHTML, like Gecko) Chrome/70.0.3538.77 Safari/537.36','2018-11-05 19:21:11'),(226,'Logged out.',28,'192.168.0.51','Mozilla/5.0 (Windows NT 6.1; Win64; x64) AppleWebKit/537.36 (KHTML, like Gecko) Chrome/70.0.3538.77 Safari/537.36','2018-11-05 21:02:30'),(227,'Logged in.',1,'192.168.0.51','Mozilla/5.0 (Windows NT 6.1; Win64; x64) AppleWebKit/537.36 (KHTML, like Gecko) Chrome/70.0.3538.77 Safari/537.36','2018-11-05 21:02:45'),(228,'Logged out.',1,'192.168.0.51','Mozilla/5.0 (Windows NT 6.1; Win64; x64) AppleWebKit/537.36 (KHTML, like Gecko) Chrome/70.0.3538.77 Safari/537.36','2018-11-05 21:24:27'),(229,'Logged in.',29,'192.168.0.51','Mozilla/5.0 (Windows NT 6.1; Win64; x64) AppleWebKit/537.36 (KHTML, like Gecko) Chrome/70.0.3538.77 Safari/537.36','2018-11-05 21:24:46'),(230,'Created new role called Fiscal Department.',29,'192.168.0.51','Mozilla/5.0 (Windows NT 6.1; Win64; x64) AppleWebKit/537.36 (KHTML, like Gecko) Chrome/70.0.3538.77 Safari/537.36','2018-11-05 21:35:18'),(231,'Updated role with name Employee.',29,'192.168.0.51','Mozilla/5.0 (Windows NT 6.1; Win64; x64) AppleWebKit/537.36 (KHTML, like Gecko) Chrome/70.0.3538.77 Safari/537.36','2018-11-05 21:35:39'),(232,'Logged in.',1,'207.255.33.7','Mozilla/5.0 (Macintosh; Intel Mac OS X 10_14) AppleWebKit/605.1.15 (KHTML, like Gecko) Version/12.0 Safari/605.1.15','2018-11-07 00:22:18'),(233,'Logged in.',1,'207.255.33.7','Mozilla/5.0 (Macintosh; Intel Mac OS X 10_14) AppleWebKit/605.1.15 (KHTML, like Gecko) Version/12.0 Safari/605.1.15','2018-11-07 04:59:11'),(234,'Updated role permissions.',1,'207.255.33.7','Mozilla/5.0 (Macintosh; Intel Mac OS X 10_14) AppleWebKit/605.1.15 (KHTML, like Gecko) Version/12.0 Safari/605.1.15','2018-11-07 05:05:08'),(235,'Created new permission called Manage Parents.',1,'207.255.33.7','Mozilla/5.0 (Macintosh; Intel Mac OS X 10_14) AppleWebKit/605.1.15 (KHTML, like Gecko) Version/12.0 Safari/605.1.15','2018-11-07 05:05:31'),(236,'Updated role permissions.',1,'207.255.33.7','Mozilla/5.0 (Macintosh; Intel Mac OS X 10_14) AppleWebKit/605.1.15 (KHTML, like Gecko) Version/12.0 Safari/605.1.15','2018-11-07 05:05:53'),(237,'Logged in.',1,'207.255.33.7','Mozilla/5.0 (Macintosh; Intel Mac OS X 10_14) AppleWebKit/605.1.15 (KHTML, like Gecko) Version/12.0 Safari/605.1.15','2018-11-07 13:14:19'),(238,'Logged in.',1,'207.255.1.210','Mozilla/5.0 (Macintosh; Intel Mac OS X 10_14) AppleWebKit/605.1.15 (KHTML, like Gecko) Version/12.0 Safari/605.1.15','2018-11-08 14:59:25'),(239,'Logged in.',1,'207.255.33.7','Mozilla/5.0 (Macintosh; Intel Mac OS X 10_14_1) AppleWebKit/605.1.15 (KHTML, like Gecko) Version/12.0.1 Safari/605.1.15','2018-11-09 05:34:48'),(240,'Updated the permission named Manage All Users.',1,'207.255.33.7','Mozilla/5.0 (Macintosh; Intel Mac OS X 10_14_1) AppleWebKit/605.1.15 (KHTML, like Gecko) Version/12.0.1 Safari/605.1.15','2018-11-09 06:55:51'),(241,'Updated the permission named View Users Activity Log.',1,'207.255.33.7','Mozilla/5.0 (Macintosh; Intel Mac OS X 10_14_1) AppleWebKit/605.1.15 (KHTML, like Gecko) Version/12.0.1 Safari/605.1.15','2018-11-09 06:56:14'),(242,'Logged in.',1,'207.255.33.7','Mozilla/5.0 (Macintosh; Intel Mac OS X 10_14_1) AppleWebKit/605.1.15 (KHTML, like Gecko) Version/12.0.1 Safari/605.1.15','2018-11-09 13:08:50'),(243,'Logged in.',1,'192.168.0.51','Mozilla/5.0 (Windows NT 6.1; WOW64; Trident/7.0; rv:11.0) like Gecko','2018-11-09 20:35:19'),(244,'Logged in.',1,'207.255.33.7','Mozilla/5.0 (Macintosh; Intel Mac OS X 10_14_1) AppleWebKit/537.36 (KHTML, like Gecko) Chrome/70.0.3538.77 Safari/537.36','2018-11-10 01:21:08'),(245,'Logged in.',1,'207.255.33.7','Mozilla/5.0 (Macintosh; Intel Mac OS X 10_14_1) AppleWebKit/605.1.15 (KHTML, like Gecko) Version/12.0.1 Safari/605.1.15','2018-11-10 01:53:16'),(246,'Logged in.',1,'207.255.33.7','Mozilla/5.0 (Macintosh; Intel Mac OS X 10_14_1) AppleWebKit/537.36 (KHTML, like Gecko) Chrome/70.0.3538.77 Safari/537.36','2018-11-10 03:39:26'),(247,'Logged in.',1,'207.255.33.7','Mozilla/5.0 (Macintosh; Intel Mac OS X 10_14_1) AppleWebKit/605.1.15 (KHTML, like Gecko) Version/12.0.1 Safari/605.1.15','2018-11-10 04:39:51'),(248,'Started impersonating user Eric Baldi (ID: 26)',1,'207.255.33.7','Mozilla/5.0 (Macintosh; Intel Mac OS X 10_14_1) AppleWebKit/537.36 (KHTML, like Gecko) Chrome/70.0.3538.77 Safari/537.36','2018-11-10 05:28:53'),(249,'Stopped impersonating user Eric Baldi (ID: 26)',1,'207.255.33.7','Mozilla/5.0 (Macintosh; Intel Mac OS X 10_14_1) AppleWebKit/537.36 (KHTML, like Gecko) Chrome/70.0.3538.77 Safari/537.36','2018-11-10 05:28:58'),(250,'Updated role permissions.',1,'207.255.33.7','Mozilla/5.0 (Macintosh; Intel Mac OS X 10_14_1) AppleWebKit/537.36 (KHTML, like Gecko) Chrome/70.0.3538.77 Safari/537.36','2018-11-10 05:29:15'),(251,'Started impersonating user Eric Baldi (ID: 26)',1,'207.255.33.7','Mozilla/5.0 (Macintosh; Intel Mac OS X 10_14_1) AppleWebKit/537.36 (KHTML, like Gecko) Chrome/70.0.3538.77 Safari/537.36','2018-11-10 05:29:27'),(252,'Stopped impersonating user Eric Baldi (ID: 26)',1,'207.255.33.7','Mozilla/5.0 (Macintosh; Intel Mac OS X 10_14_1) AppleWebKit/537.36 (KHTML, like Gecko) Chrome/70.0.3538.77 Safari/537.36','2018-11-10 05:31:08'),(253,'Started impersonating user Tiffany Stevens (ID: 22)',1,'207.255.33.7','Mozilla/5.0 (Macintosh; Intel Mac OS X 10_14_1) AppleWebKit/537.36 (KHTML, like Gecko) Chrome/70.0.3538.77 Safari/537.36','2018-11-10 05:34:08'),(254,'Started impersonating user Donna Morrison (ID: 23)',1,'207.255.33.7','Mozilla/5.0 (Macintosh; Intel Mac OS X 10_14_1) AppleWebKit/605.1.15 (KHTML, like Gecko) Version/12.0.1 Safari/605.1.15','2018-11-10 05:42:55'),(255,'Stopped impersonating user Donna Morrison (ID: 23)',1,'207.255.33.7','Mozilla/5.0 (Macintosh; Intel Mac OS X 10_14_1) AppleWebKit/605.1.15 (KHTML, like Gecko) Version/12.0.1 Safari/605.1.15','2018-11-10 05:43:16'),(256,'Logged in.',1,'207.255.33.7','Mozilla/5.0 (iPad; CPU OS 12_1 like Mac OS X) AppleWebKit/605.1.15 (KHTML, like Gecko) Version/12.0 Mobile/15E148 Safari/604.1','2018-11-10 05:46:22'),(257,'Started impersonating user Tiffany Stevens (ID: 22)',1,'207.255.33.7','Mozilla/5.0 (iPad; CPU OS 12_1 like Mac OS X) AppleWebKit/605.1.15 (KHTML, like Gecko) Version/12.0 Mobile/15E148 Safari/604.1','2018-11-10 05:46:38'),(258,'Stopped impersonating user Tiffany Stevens (ID: 22)',1,'207.255.33.7','Mozilla/5.0 (iPad; CPU OS 12_1 like Mac OS X) AppleWebKit/605.1.15 (KHTML, like Gecko) Version/12.0 Mobile/15E148 Safari/604.1','2018-11-10 05:47:05'),(259,'Logged in.',1,'207.255.33.7','Mozilla/5.0 (Macintosh; Intel Mac OS X 10_14_1) AppleWebKit/537.36 (KHTML, like Gecko) Chrome/70.0.3538.77 Safari/537.36','2018-11-10 13:13:58'),(260,'Logged in.',1,'207.255.33.7','Mozilla/5.0 (Macintosh; Intel Mac OS X 10_14_1) AppleWebKit/605.1.15 (KHTML, like Gecko) Version/12.0.1 Safari/605.1.15','2018-11-10 15:44:13'),(261,'Logged in.',1,'207.255.33.7','Mozilla/5.0 (iPad; CPU OS 12_1 like Mac OS X) AppleWebKit/605.1.15 (KHTML, like Gecko) Version/12.0 Mobile/15E148 Safari/604.1','2018-11-10 17:25:09'),(262,'Logged in.',1,'207.255.33.7','Mozilla/5.0 (Macintosh; Intel Mac OS X 10_14_1) AppleWebKit/537.36 (KHTML, like Gecko) Chrome/70.0.3538.77 Safari/537.36','2018-11-10 17:49:40'),(263,'Logged out.',1,'207.255.33.7','Mozilla/5.0 (iPad; CPU OS 12_1 like Mac OS X) AppleWebKit/605.1.15 (KHTML, like Gecko) Version/12.0 Mobile/15E148 Safari/604.1','2018-11-10 18:33:52'),(264,'Logged in.',1,'207.255.33.7','Mozilla/5.0 (iPad; CPU OS 12_1 like Mac OS X) AppleWebKit/605.1.15 (KHTML, like Gecko) Version/12.0 Mobile/15E148 Safari/604.1','2018-11-10 18:33:58'),(265,'Logged in.',1,'207.255.33.7','Mozilla/5.0 (Macintosh; Intel Mac OS X 10_14_1) AppleWebKit/605.1.15 (KHTML, like Gecko) Version/12.0.1 Safari/605.1.15','2018-11-10 22:23:15'),(266,'Logged out.',1,'207.255.33.7','Mozilla/5.0 (Macintosh; Intel Mac OS X 10_14_1) AppleWebKit/605.1.15 (KHTML, like Gecko) Version/12.0.1 Safari/605.1.15','2018-11-10 22:30:48'),(267,'Logged in.',1,'207.255.33.7','Mozilla/5.0 (Macintosh; Intel Mac OS X 10_14_1) AppleWebKit/605.1.15 (KHTML, like Gecko) Version/12.0.1 Safari/605.1.15','2018-11-10 22:30:53'),(268,'Logged in.',1,'207.255.33.7','Mozilla/5.0 (Macintosh; Intel Mac OS X 10_14_1) AppleWebKit/537.36 (KHTML, like Gecko) Chrome/70.0.3538.77 Safari/537.36','2018-11-11 05:32:19'),(269,'Started impersonating user Jim Thompson (ID: 30)',1,'207.255.33.7','Mozilla/5.0 (Macintosh; Intel Mac OS X 10_14_1) AppleWebKit/537.36 (KHTML, like Gecko) Chrome/70.0.3538.77 Safari/537.36','2018-11-11 06:17:39'),(270,'Stopped impersonating user Jim Thompson (ID: 30)',1,'207.255.33.7','Mozilla/5.0 (Macintosh; Intel Mac OS X 10_14_1) AppleWebKit/537.36 (KHTML, like Gecko) Chrome/70.0.3538.77 Safari/537.36','2018-11-11 06:17:46'),(271,'Started impersonating user Donna Morrison (ID: 23)',1,'207.255.33.7','Mozilla/5.0 (Macintosh; Intel Mac OS X 10_14_1) AppleWebKit/537.36 (KHTML, like Gecko) Chrome/70.0.3538.77 Safari/537.36','2018-11-11 06:18:01'),(272,'Updated profile details for Jim Thompson.',23,'207.255.33.7','Mozilla/5.0 (Macintosh; Intel Mac OS X 10_14_1) AppleWebKit/537.36 (KHTML, like Gecko) Chrome/70.0.3538.77 Safari/537.36','2018-11-11 06:20:08'),(273,'Stopped impersonating user Donna Morrison (ID: 23)',1,'207.255.33.7','Mozilla/5.0 (Macintosh; Intel Mac OS X 10_14_1) AppleWebKit/537.36 (KHTML, like Gecko) Chrome/70.0.3538.77 Safari/537.36','2018-11-11 06:20:51'),(274,'Started impersonating user Eric Baldi (ID: 26)',1,'207.255.33.7','Mozilla/5.0 (Macintosh; Intel Mac OS X 10_14_1) AppleWebKit/537.36 (KHTML, like Gecko) Chrome/70.0.3538.77 Safari/537.36','2018-11-11 06:51:40'),(275,'Stopped impersonating user Eric Baldi (ID: 26)',1,'207.255.33.7','Mozilla/5.0 (Macintosh; Intel Mac OS X 10_14_1) AppleWebKit/537.36 (KHTML, like Gecko) Chrome/70.0.3538.77 Safari/537.36','2018-11-11 06:51:43'),(276,'Updated role permissions.',1,'207.255.33.7','Mozilla/5.0 (Macintosh; Intel Mac OS X 10_14_1) AppleWebKit/537.36 (KHTML, like Gecko) Chrome/70.0.3538.77 Safari/537.36','2018-11-11 06:51:49'),(277,'Started impersonating user Tiffany Stevens (ID: 22)',1,'207.255.33.7','Mozilla/5.0 (Macintosh; Intel Mac OS X 10_14_1) AppleWebKit/537.36 (KHTML, like Gecko) Chrome/70.0.3538.77 Safari/537.36','2018-11-11 07:38:35'),(278,'Stopped impersonating user Tiffany Stevens (ID: 22)',1,'207.255.33.7','Mozilla/5.0 (Macintosh; Intel Mac OS X 10_14_1) AppleWebKit/537.36 (KHTML, like Gecko) Chrome/70.0.3538.77 Safari/537.36','2018-11-11 07:38:39'),(279,'Logged in.',1,'207.255.33.7','Mozilla/5.0 (Macintosh; Intel Mac OS X 10_14_1) AppleWebKit/605.1.15 (KHTML, like Gecko) Version/12.0.1 Safari/605.1.15','2018-11-11 07:56:35'),(280,'Logged in.',1,'207.255.33.7','Mozilla/5.0 (Linux; Android 8.0.0; SM-G955U) AppleWebKit/537.36 (KHTML, like Gecko) Chrome/70.0.3538.80 Mobile Safari/537.36','2018-11-11 08:01:16'),(281,'Logged in.',1,'207.255.33.7','Mozilla/5.0 (Macintosh; Intel Mac OS X 10_14_1) AppleWebKit/537.36 (KHTML, like Gecko) Chrome/70.0.3538.77 Safari/537.36','2018-11-11 14:54:36'),(282,'Logged in.',1,'207.255.33.7','Mozilla/5.0 (Macintosh; Intel Mac OS X 10_14_1) AppleWebKit/537.36 (KHTML, like Gecko) Chrome/70.0.3538.77 Safari/537.36','2018-11-11 19:11:21'),(283,'Logged out.',1,'207.255.33.7','Mozilla/5.0 (Macintosh; Intel Mac OS X 10_14_1) AppleWebKit/537.36 (KHTML, like Gecko) Chrome/70.0.3538.77 Safari/537.36','2018-11-11 19:14:51'),(284,'Logged in.',22,'207.255.33.7','Mozilla/5.0 (Macintosh; Intel Mac OS X 10_14_1) AppleWebKit/537.36 (KHTML, like Gecko) Chrome/70.0.3538.77 Safari/537.36','2018-11-11 19:14:58'),(285,'Logged out.',22,'207.255.33.7','Mozilla/5.0 (Macintosh; Intel Mac OS X 10_14_1) AppleWebKit/537.36 (KHTML, like Gecko) Chrome/70.0.3538.77 Safari/537.36','2018-11-11 19:15:02'),(286,'Logged in.',1,'207.255.33.7','Mozilla/5.0 (Macintosh; Intel Mac OS X 10_14_1) AppleWebKit/537.36 (KHTML, like Gecko) Chrome/70.0.3538.77 Safari/537.36','2018-11-11 19:15:04'),(287,'Updated role permissions.',1,'207.255.33.7','Mozilla/5.0 (Macintosh; Intel Mac OS X 10_14_1) AppleWebKit/537.36 (KHTML, like Gecko) Chrome/70.0.3538.77 Safari/537.36','2018-11-11 19:15:09'),(288,'Logged out.',1,'207.255.33.7','Mozilla/5.0 (Macintosh; Intel Mac OS X 10_14_1) AppleWebKit/537.36 (KHTML, like Gecko) Chrome/70.0.3538.77 Safari/537.36','2018-11-11 19:15:12'),(289,'Logged in.',22,'207.255.33.7','Mozilla/5.0 (Macintosh; Intel Mac OS X 10_14_1) AppleWebKit/537.36 (KHTML, like Gecko) Chrome/70.0.3538.77 Safari/537.36','2018-11-11 19:15:28'),(290,'Logged out.',22,'207.255.33.7','Mozilla/5.0 (Macintosh; Intel Mac OS X 10_14_1) AppleWebKit/537.36 (KHTML, like Gecko) Chrome/70.0.3538.77 Safari/537.36','2018-11-11 19:15:54'),(291,'Logged in.',1,'207.255.33.7','Mozilla/5.0 (Macintosh; Intel Mac OS X 10_14_1) AppleWebKit/537.36 (KHTML, like Gecko) Chrome/70.0.3538.77 Safari/537.36','2018-11-11 19:15:57'),(292,'Logged in.',1,'207.255.33.7','Mozilla/5.0 (Macintosh; Intel Mac OS X 10_14_1) AppleWebKit/537.36 (KHTML, like Gecko) Chrome/70.0.3538.77 Safari/537.36','2018-11-11 19:31:11'),(293,'Logged in.',1,'207.255.33.7','Mozilla/5.0 (Macintosh; Intel Mac OS X 10_14_1) AppleWebKit/537.36 (KHTML, like Gecko) Chrome/70.0.3538.77 Safari/537.36','2018-11-11 22:19:43'),(294,'Started impersonating user Eric Baldi (ID: 26)',1,'207.255.33.7','Mozilla/5.0 (Macintosh; Intel Mac OS X 10_14_1) AppleWebKit/537.36 (KHTML, like Gecko) Chrome/70.0.3538.77 Safari/537.36','2018-11-11 22:54:56'),(295,'Stopped impersonating user Eric Baldi (ID: 26)',1,'207.255.33.7','Mozilla/5.0 (Macintosh; Intel Mac OS X 10_14_1) AppleWebKit/537.36 (KHTML, like Gecko) Chrome/70.0.3538.77 Safari/537.36','2018-11-11 22:54:59'),(296,'Logged in.',1,'207.255.1.210','Mozilla/5.0 (Macintosh; Intel Mac OS X 10_14_1) AppleWebKit/537.36 (KHTML, like Gecko) Chrome/70.0.3538.77 Safari/537.36','2018-11-12 15:47:26'),(297,'Logged in.',1,'174.229.144.228','Mozilla/5.0 (Linux; Android 8.0.0; SM-G955U) AppleWebKit/537.36 (KHTML, like Gecko) Chrome/70.0.3538.80 Mobile Safari/537.36','2018-11-12 16:32:06'),(298,'Started impersonating user Jim Thompson (ID: 30)',1,'174.229.144.228','Mozilla/5.0 (Linux; Android 8.0.0; SM-G955U) AppleWebKit/537.36 (KHTML, like Gecko) Chrome/70.0.3538.80 Mobile Safari/537.36','2018-11-12 16:32:33'),(299,'Stopped impersonating user Jim Thompson (ID: 30)',1,'174.229.144.228','Mozilla/5.0 (Linux; Android 8.0.0; SM-G955U) AppleWebKit/537.36 (KHTML, like Gecko) Chrome/70.0.3538.80 Mobile Safari/537.36','2018-11-12 16:32:42'),(300,'Started impersonating user Eric Baldi (ID: 26)',1,'174.229.144.228','Mozilla/5.0 (Linux; Android 8.0.0; SM-G955U) AppleWebKit/537.36 (KHTML, like Gecko) Chrome/70.0.3538.80 Mobile Safari/537.36','2018-11-12 16:32:47'),(301,'Stopped impersonating user Eric Baldi (ID: 26)',1,'174.229.144.228','Mozilla/5.0 (Linux; Android 8.0.0; SM-G955U) AppleWebKit/537.36 (KHTML, like Gecko) Chrome/70.0.3538.80 Mobile Safari/537.36','2018-11-12 16:32:54'),(302,'Logged in.',1,'207.255.33.7','Mozilla/5.0 (Macintosh; Intel Mac OS X 10_14_1) AppleWebKit/605.1.15 (KHTML, like Gecko) Version/12.0.1 Safari/605.1.15','2018-11-12 22:29:37'),(303,'Logged out.',1,'207.255.33.7','Mozilla/5.0 (Macintosh; Intel Mac OS X 10_14_1) AppleWebKit/605.1.15 (KHTML, like Gecko) Version/12.0.1 Safari/605.1.15','2018-11-12 22:30:23'),(304,'Logged in.',22,'207.255.33.7','Mozilla/5.0 (Macintosh; Intel Mac OS X 10_14_1) AppleWebKit/605.1.15 (KHTML, like Gecko) Version/12.0.1 Safari/605.1.15','2018-11-12 22:30:33'),(305,'Logged in.',1,'207.255.33.7','Mozilla/5.0 (Macintosh; Intel Mac OS X 10_14_1) AppleWebKit/605.1.15 (KHTML, like Gecko) Version/12.0.1 Safari/605.1.15','2018-11-14 06:00:14'),(306,'Updated role permissions.',1,'207.255.33.7','Mozilla/5.0 (Macintosh; Intel Mac OS X 10_14_1) AppleWebKit/605.1.15 (KHTML, like Gecko) Version/12.0.1 Safari/605.1.15','2018-11-14 06:01:34'),(307,'Started impersonating user Tiffany Stevens (ID: 22)',1,'207.255.33.7','Mozilla/5.0 (Macintosh; Intel Mac OS X 10_14_1) AppleWebKit/605.1.15 (KHTML, like Gecko) Version/12.0.1 Safari/605.1.15','2018-11-14 06:01:42'),(308,'Stopped impersonating user Tiffany Stevens (ID: 22)',1,'207.255.33.7','Mozilla/5.0 (Macintosh; Intel Mac OS X 10_14_1) AppleWebKit/605.1.15 (KHTML, like Gecko) Version/12.0.1 Safari/605.1.15','2018-11-14 06:01:51'),(309,'Updated role permissions.',1,'207.255.33.7','Mozilla/5.0 (Macintosh; Intel Mac OS X 10_14_1) AppleWebKit/605.1.15 (KHTML, like Gecko) Version/12.0.1 Safari/605.1.15','2018-11-14 06:01:58'),(310,'Started impersonating user Tiffany Stevens (ID: 22)',1,'207.255.33.7','Mozilla/5.0 (Macintosh; Intel Mac OS X 10_14_1) AppleWebKit/605.1.15 (KHTML, like Gecko) Version/12.0.1 Safari/605.1.15','2018-11-14 06:02:06'),(311,'Logged in.',1,'192.168.0.51','Mozilla/5.0 (Windows NT 6.1; WOW64; Trident/7.0; rv:11.0) like Gecko','2018-11-14 18:10:13'),(312,'Logged out.',29,'192.168.0.51','Mozilla/5.0 (Windows NT 6.1; Win64; x64) AppleWebKit/537.36 (KHTML, like Gecko) Chrome/70.0.3538.102 Safari/537.36','2018-11-14 18:31:17'),(313,'Logged in.',1,'192.168.0.51','Mozilla/5.0 (Windows NT 6.1; Win64; x64) AppleWebKit/537.36 (KHTML, like Gecko) Chrome/70.0.3538.102 Safari/537.36','2018-11-14 18:31:26'),(314,'Updated role permissions.',1,'192.168.0.51','Mozilla/5.0 (Windows NT 6.1; Win64; x64) AppleWebKit/537.36 (KHTML, like Gecko) Chrome/70.0.3538.102 Safari/537.36','2018-11-14 18:31:37'),(315,'Started impersonating user Tiffany Stevens (ID: 22)',1,'192.168.0.51','Mozilla/5.0 (Windows NT 6.1; Win64; x64) AppleWebKit/537.36 (KHTML, like Gecko) Chrome/70.0.3538.102 Safari/537.36','2018-11-14 18:31:44'),(316,'Stopped impersonating user Tiffany Stevens (ID: 22)',1,'192.168.0.51','Mozilla/5.0 (Windows NT 6.1; Win64; x64) AppleWebKit/537.36 (KHTML, like Gecko) Chrome/70.0.3538.102 Safari/537.36','2018-11-14 18:31:48'),(317,'Updated role permissions.',1,'192.168.0.51','Mozilla/5.0 (Windows NT 6.1; Win64; x64) AppleWebKit/537.36 (KHTML, like Gecko) Chrome/70.0.3538.102 Safari/537.36','2018-11-14 18:31:54'),(318,'Started impersonating user Tiffany Stevens (ID: 22)',1,'192.168.0.51','Mozilla/5.0 (Windows NT 6.1; Win64; x64) AppleWebKit/537.36 (KHTML, like Gecko) Chrome/70.0.3538.102 Safari/537.36','2018-11-14 18:32:03'),(319,'Stopped impersonating user Tiffany Stevens (ID: 22)',1,'192.168.0.51','Mozilla/5.0 (Windows NT 6.1; Win64; x64) AppleWebKit/537.36 (KHTML, like Gecko) Chrome/70.0.3538.102 Safari/537.36','2018-11-14 18:32:13'),(320,'Updated the permission named Manage File System.',1,'192.168.0.51','Mozilla/5.0 (Windows NT 6.1; Win64; x64) AppleWebKit/537.36 (KHTML, like Gecko) Chrome/70.0.3538.102 Safari/537.36','2018-11-14 18:51:14'),(321,'Created new permission called View Filesystem.',1,'192.168.0.51','Mozilla/5.0 (Windows NT 6.1; Win64; x64) AppleWebKit/537.36 (KHTML, like Gecko) Chrome/70.0.3538.102 Safari/537.36','2018-11-14 18:51:45'),(322,'Updated role permissions.',1,'192.168.0.51','Mozilla/5.0 (Windows NT 6.1; Win64; x64) AppleWebKit/537.36 (KHTML, like Gecko) Chrome/70.0.3538.102 Safari/537.36','2018-11-14 18:51:50'),(323,'Logged in.',1,'10.255.13.123','Mozilla/5.0 (Macintosh; Intel Mac OS X 10_14_1) AppleWebKit/537.36 (KHTML, like Gecko) Chrome/70.0.3538.102 Safari/537.36','2018-11-14 19:19:50'),(324,'Logged in.',1,'10.255.13.123','Mozilla/5.0 (Macintosh; Intel Mac OS X 10_14_1) AppleWebKit/537.36 (KHTML, like Gecko) Chrome/70.0.3538.110 Safari/537.36','2018-11-28 18:21:38'),(325,'Logged in.',1,'192.168.0.51','Mozilla/5.0 (Windows NT 6.1; WOW64; Trident/7.0; rv:11.0) like Gecko','2018-11-28 19:03:59'),(326,'Logged in.',29,'192.168.0.51','Mozilla/5.0 (Windows NT 6.1; Win64; x64) AppleWebKit/537.36 (KHTML, like Gecko) Chrome/70.0.3538.110 Safari/537.36','2018-11-28 19:04:53'),(327,'Logged in.',1,'207.255.33.81','Mozilla/5.0 (Macintosh; Intel Mac OS X 10_14_1) AppleWebKit/537.36 (KHTML, like Gecko) Chrome/70.0.3538.110 Safari/537.36','2018-12-01 17:12:01'),(328,'Logged out.',1,'207.255.33.81','Mozilla/5.0 (Macintosh; Intel Mac OS X 10_14_1) AppleWebKit/537.36 (KHTML, like Gecko) Chrome/70.0.3538.110 Safari/537.36','2018-12-01 19:11:39'),(329,'Logged in.',1,'207.255.33.81','Mozilla/5.0 (Macintosh; Intel Mac OS X 10_14_1) AppleWebKit/537.36 (KHTML, like Gecko) Chrome/70.0.3538.110 Safari/537.36','2018-12-01 19:11:59'),(330,'Updated role permissions.',1,'207.255.33.81','Mozilla/5.0 (Macintosh; Intel Mac OS X 10_14_1) AppleWebKit/537.36 (KHTML, like Gecko) Chrome/70.0.3538.110 Safari/537.36','2018-12-01 19:12:49'),(331,'Logged out.',1,'207.255.33.81','Mozilla/5.0 (Macintosh; Intel Mac OS X 10_14_1) AppleWebKit/537.36 (KHTML, like Gecko) Chrome/70.0.3538.110 Safari/537.36','2018-12-01 19:12:56'),(332,'Logged in.',33,'207.255.33.81','Mozilla/5.0 (Macintosh; Intel Mac OS X 10_14_1) AppleWebKit/537.36 (KHTML, like Gecko) Chrome/70.0.3538.110 Safari/537.36','2018-12-01 19:13:02'),(333,'Logged in.',33,'207.255.33.81','Mozilla/5.0 (Macintosh; Intel Mac OS X 10_14_1) AppleWebKit/605.1.15 (KHTML, like Gecko) Version/12.0.1 Safari/605.1.15','2018-12-01 19:28:45'),(334,'Logged in.',1,'45.125.192.211','Mozilla/5.0 (Windows NT 10.0; Win64; x64) AppleWebKit/537.36 (KHTML, like Gecko) Chrome/70.0.3538.110 Safari/537.36','2018-12-01 22:35:33'),(335,'Logged out.',33,'207.255.33.81','Mozilla/5.0 (Macintosh; Intel Mac OS X 10_14_1) AppleWebKit/537.36 (KHTML, like Gecko) Chrome/70.0.3538.110 Safari/537.36','2018-12-01 22:40:29'),(336,'Logged in.',1,'207.255.33.81','Mozilla/5.0 (Macintosh; Intel Mac OS X 10_14_1) AppleWebKit/537.36 (KHTML, like Gecko) Chrome/70.0.3538.110 Safari/537.36','2018-12-01 22:40:33');
/*!40000 ALTER TABLE `user_activity` ENABLE KEYS */;
UNLOCK TABLES;

--
-- Table structure for table `users`
--

DROP TABLE IF EXISTS `users`;
/*!40101 SET @saved_cs_client     = @@character_set_client */;
/*!40101 SET character_set_client = utf8 */;
CREATE TABLE `users` (
  `id` int(10) unsigned NOT NULL AUTO_INCREMENT,
  `email` varchar(191) COLLATE utf8mb4_unicode_ci NOT NULL,
  `username` varchar(191) COLLATE utf8mb4_unicode_ci DEFAULT NULL,
  `password` varchar(191) COLLATE utf8mb4_unicode_ci NOT NULL,
  `first_name` varchar(191) COLLATE utf8mb4_unicode_ci DEFAULT NULL,
  `last_name` varchar(191) COLLATE utf8mb4_unicode_ci DEFAULT NULL,
  `phone` varchar(191) COLLATE utf8mb4_unicode_ci DEFAULT NULL,
  `avatar` varchar(191) COLLATE utf8mb4_unicode_ci DEFAULT NULL,
  `address` varchar(191) COLLATE utf8mb4_unicode_ci DEFAULT NULL,
  `country_id` int(10) unsigned DEFAULT NULL,
  `role_id` int(10) unsigned NOT NULL,
  `birthday` date DEFAULT NULL,
  `last_login` timestamp NULL DEFAULT NULL,
  `confirmation_token` varchar(60) COLLATE utf8mb4_unicode_ci DEFAULT NULL,
  `status` varchar(20) COLLATE utf8mb4_unicode_ci NOT NULL,
  `two_factor_country_code` int(11) DEFAULT NULL,
  `two_factor_phone` int(11) DEFAULT NULL,
  `two_factor_options` text COLLATE utf8mb4_unicode_ci,
  `remember_token` varchar(100) COLLATE utf8mb4_unicode_ci DEFAULT NULL,
  `created_at` timestamp NULL DEFAULT NULL,
  `updated_at` timestamp NULL DEFAULT NULL,
  `school_id` int(11) DEFAULT NULL,
  `position_id` int(11) DEFAULT NULL,
  `classroom_id` int(11) DEFAULT NULL,
  `teacher_id` int(11) DEFAULT NULL,
  PRIMARY KEY (`id`),
  UNIQUE KEY `users_email_unique` (`email`),
  KEY `users_created_at_index` (`created_at`),
  KEY `users_username_index` (`username`),
  KEY `users_status_index` (`status`),
  KEY `users_country_id_foreign` (`country_id`),
  KEY `users_role_id_foreign` (`role_id`),
  CONSTRAINT `users_country_id_foreign` FOREIGN KEY (`country_id`) REFERENCES `countries` (`id`) ON DELETE SET NULL,
  CONSTRAINT `users_role_id_foreign` FOREIGN KEY (`role_id`) REFERENCES `roles` (`id`)
) ENGINE=InnoDB AUTO_INCREMENT=34 DEFAULT CHARSET=utf8mb4 COLLATE=utf8mb4_unicode_ci;
/*!40101 SET character_set_client = @saved_cs_client */;

--
-- Dumping data for table `users`
--

LOCK TABLES `users` WRITE;
/*!40000 ALTER TABLE `users` DISABLE KEYS */;
INSERT INTO `users` VALUES (1,'admin@example.com','admin','$2y$10$oOqpti356Aqz8F6W.BLhUeEjgXldYC.ywGt9bitWtgf/dIeurSgsm','Levi','Beers','8149310733','8BcCo54nTq2yOW1c.png','120 E Caroline Ave, Altoona PA, 16602',840,1,'1982-08-07','2018-12-01 22:40:33',NULL,'Active',NULL,NULL,NULL,'EXQDo7kR7xhliA2Km3ba52RzdWe6xm34AQIQpF2XO0aHBvP5OnNot90LzFGe','2018-09-22 05:34:32','2018-12-01 22:40:33',NULL,NULL,NULL,NULL),(22,'tiffany.stevens@gmail.com','tiffany.stevens','$2y$10$hs9sCcqBTqq781g70DenWOs8t563gEF/gLYF97VKCp5AqLy8aAmUm','Tiffany','Stevens','8149410044',NULL,'120 E Caroline',840,3,'1980-03-06','2018-11-12 22:30:33',NULL,'Active',NULL,NULL,NULL,'BKfrn8O8M1sg8UjSDO6HAl5DlHAb8GTWzdBJiXdTpBXkVeLkABOpU3BuskSe','2018-10-28 00:43:25','2018-11-12 22:30:33',10,1140,18,0),(23,'donna.morrison@test.com','donna.morrison','$2y$10$FHSPk1OyRE/AjPXQzp2ln.Syq5M7Krrov7wV7Pf3nEyiVSuZcTelW','Donna','Morrison','8145552233',NULL,'123 Test Street',840,3,'1995-07-04',NULL,NULL,'Active',NULL,NULL,NULL,NULL,'2018-10-28 01:14:14','2018-10-28 01:38:35',10,3030,20,0),(26,'teacher1@tyrone.com','Teacher3','$2y$10$U5KQUtFYLK0XzQ5od3XxkO/zgLYhCB84KojR3zpGWRuR3SuFXmqTC','Eric','Baldi','8149310733',NULL,NULL,NULL,3,'2004-05-05',NULL,NULL,'Active',NULL,NULL,NULL,NULL,'2018-11-04 21:46:24','2018-11-04 21:46:24',20,1164,21,0),(27,'levwi@keystonewebstudios.com','Leoop','$2y$10$FK.O4zAVVz3V1czg4qc0leU8nJDy5XYb.7TSdgF6X8O7/h77IS8AC',NULL,NULL,NULL,NULL,NULL,NULL,4,NULL,NULL,NULL,'Active',NULL,NULL,NULL,NULL,'2018-11-05 19:02:28','2018-11-05 19:02:28',NULL,NULL,NULL,NULL),(28,'dhoover@cabc-bchs.org','dhoover','$2y$10$oCHwDY9lF7PbL/.WdFPYEe6gtfFKjczOCuKrzAubCAbdkunvNiqYW','Dan','hoover',NULL,NULL,NULL,NULL,4,NULL,'2018-11-05 19:21:11',NULL,'Active',NULL,NULL,NULL,'CqhGXQzyyftVgzkIXt16RpFoVQQG9BMufaH7w3aa3tiGlcJhX8cqHC7qXOY0','2018-11-05 19:05:23','2018-11-05 19:21:11',NULL,NULL,NULL,NULL),(29,'dsarver@cabc-bchs.org','dsarver','$2y$10$QRui5jTQyKqeu1MO2cBjRuPsTgE.xeDMoDOn6vr6wXehOjSote8yW','Daryl','Sarver',NULL,NULL,NULL,NULL,1,NULL,'2018-11-28 19:04:53',NULL,'Active',NULL,NULL,NULL,'pzgJ2vTaHqh1YTfxfCVdAzY01Q2c43Ci0t0EuJxhDxJeTqmhy1372eJom6mQ','2018-11-05 21:24:16','2018-11-28 19:04:53',NULL,NULL,NULL,NULL),(30,'jim.thompson@gmail.com','jim.thompson','$2y$10$yK1RUUtm2aMUKW1DxMF49um1Sl9V4FkB0USF/Pp2FuAQrvbREC8Di','Jim','Thompson','8149310733',NULL,'120 E Caroline Ave',840,5,'1974-06-04',NULL,NULL,'Active',NULL,NULL,NULL,NULL,'2018-11-09 06:39:48','2018-11-09 06:39:48',20,NULL,21,26),(31,'jimmy.iovine@gmail.com','jimmy.iovine','$2y$10$5g1IzWTwMGKLeKDPWB3XBOTlqfHhLoBCofbHETkWIWSln7L.UdY1m','Jimmy','Iovine','8145509294',NULL,'123 Test Street',NULL,7,'1990-01-30',NULL,NULL,'Active',NULL,NULL,NULL,NULL,'2018-11-10 16:49:17','2018-11-10 16:49:17',NULL,NULL,NULL,NULL),(32,'bob.acosta@gmail.com','bob.acosta','$2y$10$gZx4f3TQTznMg/7YBpxbs.xZtybu8cq4Nvn52ZMYyMWTIo4d7EUTK','Bob','Acosta',NULL,NULL,NULL,NULL,6,'2013-05-27',NULL,NULL,'Active',NULL,NULL,NULL,NULL,'2018-11-10 16:57:27','2018-11-10 16:57:27',NULL,NULL,NULL,NULL),(33,'levibeers@outlook.com','leviboard','$2y$10$8RjYMbmaJGOQkP8ITyxm/ewI4faOxa2hMOBC8oZaOecJbvcoFnaVe','Levi','Beers',NULL,NULL,NULL,NULL,4,'2010-02-02','2018-12-01 19:28:45',NULL,'Active',NULL,NULL,NULL,'YaQpLh8RdUKuuuzgrdKEIOg8DzR2Bx3WXm7LPuAMFIhf4CSfuOKu09u1yIAJ','2018-12-01 19:12:31','2018-12-01 19:28:45',NULL,NULL,NULL,NULL);
/*!40000 ALTER TABLE `users` ENABLE KEYS */;
UNLOCK TABLES;

--
-- Final view structure for view `Employee`
--

/*!50001 DROP VIEW IF EXISTS `Employee`*/;
/*!50001 SET @saved_cs_client          = @@character_set_client */;
/*!50001 SET @saved_cs_results         = @@character_set_results */;
/*!50001 SET @saved_col_connection     = @@collation_connection */;
/*!50001 SET character_set_client      = utf8 */;
/*!50001 SET character_set_results     = utf8 */;
/*!50001 SET collation_connection      = utf8_general_ci */;
/*!50001 CREATE ALGORITHM=UNDEFINED */
/*!50013 DEFINER=`root`@`localhost` SQL SECURITY DEFINER */
/*!50001 VIEW `Employee` AS select `users`.`id` AS `id`,`users`.`email` AS `email`,`users`.`username` AS `username`,`users`.`first_name` AS `first_name`,`users`.`last_name` AS `last_name`,`users`.`phone` AS `phone`,`users`.`address` AS `address`,`users`.`role_id` AS `role_id`,`users`.`birthday` AS `birthday`,`users`.`last_login` AS `last_login`,`users`.`confirmation_token` AS `confirmation_token`,`users`.`status` AS `status`,`users`.`created_at` AS `created_at`,`users`.`updated_at` AS `updated_at`,`users`.`school_id` AS `school_id`,`users`.`position_id` AS `position_id`,`users`.`classroom_id` AS `classroom_id` from `users` where (`users`.`role_id` <> '5') */;
/*!50001 SET character_set_client      = @saved_cs_client */;
/*!50001 SET character_set_results     = @saved_cs_results */;
/*!50001 SET collation_connection      = @saved_col_connection */;

--
-- Final view structure for view `Parent`
--

/*!50001 DROP VIEW IF EXISTS `Parent`*/;
/*!50001 SET @saved_cs_client          = @@character_set_client */;
/*!50001 SET @saved_cs_results         = @@character_set_results */;
/*!50001 SET @saved_col_connection     = @@collation_connection */;
/*!50001 SET character_set_client      = utf8 */;
/*!50001 SET character_set_results     = utf8 */;
/*!50001 SET collation_connection      = utf8_general_ci */;
/*!50001 CREATE ALGORITHM=UNDEFINED */
/*!50013 DEFINER=`root`@`localhost` SQL SECURITY DEFINER */
/*!50001 VIEW `Parent` AS select `users`.`id` AS `id`,`users`.`email` AS `email`,`users`.`username` AS `username`,`users`.`first_name` AS `first_name`,`users`.`last_name` AS `last_name`,`users`.`phone` AS `phone`,`users`.`address` AS `address`,`users`.`role_id` AS `role_id`,`users`.`birthday` AS `birthday`,`users`.`last_login` AS `last_login`,`users`.`confirmation_token` AS `confirmation_token`,`users`.`status` AS `status`,`users`.`created_at` AS `created_at`,`users`.`updated_at` AS `updated_at`,`users`.`school_id` AS `school_id`,`users`.`teacher_id` AS `teacher_id`,`users`.`classroom_id` AS `classroom_id` from `users` where (`users`.`role_id` = '5') */;
/*!50001 SET character_set_client      = @saved_cs_client */;
/*!50001 SET character_set_results     = @saved_cs_results */;
/*!50001 SET collation_connection      = @saved_col_connection */;
/*!40103 SET TIME_ZONE=@OLD_TIME_ZONE */;

/*!40101 SET SQL_MODE=@OLD_SQL_MODE */;
/*!40014 SET FOREIGN_KEY_CHECKS=@OLD_FOREIGN_KEY_CHECKS */;
/*!40014 SET UNIQUE_CHECKS=@OLD_UNIQUE_CHECKS */;
/*!40101 SET CHARACTER_SET_CLIENT=@OLD_CHARACTER_SET_CLIENT */;
/*!40101 SET CHARACTER_SET_RESULTS=@OLD_CHARACTER_SET_RESULTS */;
/*!40101 SET COLLATION_CONNECTION=@OLD_COLLATION_CONNECTION */;
/*!40111 SET SQL_NOTES=@OLD_SQL_NOTES */;

-- Dump completed on 2018-12-01 17:58:14
